{
  "modelId": "OC1_SME_Phishing_and_BEC_llm",
  "nodes": {
    "OC1-phishing-cont-3": {
      "baseline": {
        "p5": 0.40923554104233323,
        "p50": 0.5076591067632135,
        "p95": 0.60862986352492
      },
      "sota": {
        "p5": 0.38439860885871807,
        "p50": 0.542284962095138,
        "p95": 0.7119549819977706
      },
      "saturated": {
        "p5": 0.40366190214668307,
        "p50": 0.5555196155038322,
        "p95": 0.6962363927052329
      }
    },
    "OC1-phishing-cont-8": {
      "baseline": {
        "p5": 0.1676880719639124,
        "p50": 0.41920169721071737,
        "p95": 0.6920348627188065
      },
      "sota": {
        "p5": 0.15716067189897073,
        "p50": 0.4934106600639606,
        "p95": 0.8502811537801194
      },
      "saturated": {
        "p5": 0.12686350689187034,
        "p50": 0.4886504488934027,
        "p95": 0.8548273066801821
      }
    },
    "OC1-phishing-qty-2": {
      "baseline": {
        "p5": 17.804021854151713,
        "p50": 78.20110875991705,
        "p95": 147.47271104296064
      },
      "sota": {
        "p5": 19.676037244355456,
        "p50": 95.74016936761308,
        "p95": 197.03164273499652
      },
      "saturated": {
        "p5": 19.601366112779306,
        "p50": 103.70295538332623,
        "p95": 217.490458021282
      }
    },
    "OC1-phishing-qty-3": {
      "baseline": {
        "p5": 28204.52893218072,
        "p50": 75134.69130334689,
        "p95": 127220.91971742832
      },
      "sota": {
        "p5": 26204.520055774836,
        "p50": 85958.39943073542,
        "p95": 155139.7072065342
      },
      "saturated": {
        "p5": 33208.40646944174,
        "p50": 91076.70305948524,
        "p95": 171570.7426818036
      }
    },
    "OC1-phishing-cont-1": {
      "baseline": {
        "p5": 0.8503077127203139,
        "p50": 0.9358154691281412,
        "p95": 0.985630480864578
      },
      "sota": {
        "p5": 0.8459519303448676,
        "p50": 0.9318521199796495,
        "p95": 0.9861273648634895
      },
      "saturated": {
        "p5": 0.8453835742397422,
        "p50": 0.932908123598418,
        "p95": 0.986229506210146
      }
    },
    "OC1-phishing-cont-2": {
      "baseline": {
        "p5": 0.5948739703069938,
        "p50": 0.790505963062118,
        "p95": 0.9226141937884731
      },
      "sota": {
        "p5": 0.5375211357979304,
        "p50": 0.7975842967848472,
        "p95": 0.9465929377842535
      },
      "saturated": {
        "p5": 0.5717384041408473,
        "p50": 0.7979356350492826,
        "p95": 0.9402007447663159
      }
    },
    "OC1-phishing-cont-4": {
      "baseline": {
        "p5": 0.2786128763150432,
        "p50": 0.5088509765715588,
        "p95": 0.7344027363594673
      },
      "sota": {
        "p5": 0.2380060844923616,
        "p50": 0.5439378941487107,
        "p95": 0.8543977692727198
      },
      "saturated": {
        "p5": 0.1759223128328401,
        "p50": 0.5365523701723925,
        "p95": 0.8741163028717269
      }
    },
    "OC1-phishing-cont-5": {
      "baseline": {
        "p5": 0.1378112357652075,
        "p50": 0.5016153114717514,
        "p95": 0.8762213372643854
      },
      "sota": {
        "p5": 0.32042454769510875,
        "p50": 0.5428561050834162,
        "p95": 0.7478001008097575
      },
      "saturated": {
        "p5": 0.3379281643226046,
        "p50": 0.5534229721439745,
        "p95": 0.727665643138602
      }
    },
    "OC1-phishing-cont-6": {
      "baseline": {
        "p5": 0.2934912091437861,
        "p50": 0.602364484048354,
        "p95": 0.8710327728341362
      },
      "sota": {
        "p5": 0.27661405997137506,
        "p50": 0.671970017510712,
        "p95": 0.9065102092346916
      },
      "saturated": {
        "p5": 0.2720349578959171,
        "p50": 0.6504731719100476,
        "p95": 0.9110608477347718
      }
    },
    "OC1-phishing-cont-9": {
      "baseline": {
        "p5": 0.3221011597922242,
        "p50": 0.5622607199510705,
        "p95": 0.7812296224051861
      },
      "sota": {
        "p5": 0.26600547141120584,
        "p50": 0.5683408603170119,
        "p95": 0.8553648188522841
      },
      "saturated": {
        "p5": 0.27831299943168303,
        "p50": 0.5694220941526695,
        "p95": 0.8442824494163512
      }
    },
    "OC1-phishing-cont-7": {
      "baseline": {
        "p5": 0.07850941161819476,
        "p50": 0.22579737726635354,
        "p95": 0.4378827908284821
      },
      "sota": {
        "p5": 0.06970565289042908,
        "p50": 0.2584431532442325,
        "p95": 0.5504134406174042
      },
      "saturated": {
        "p5": 0.0582212692656119,
        "p50": 0.26215520468081804,
        "p95": 0.5463242593247308
      }
    },
    "OC1-phishing-qty-1": {
      "baseline": {
        "p5": 1933.0191746984417,
        "p50": 6519.049052389838,
        "p95": 14953.231544033517
      },
      "sota": {
        "p5": 1852.4464096059162,
        "p50": 9291.680675680069,
        "p95": 21517.43763698937
      },
      "saturated": {
        "p5": 1767.4965564290258,
        "p50": 11345.503610269083,
        "p95": 32550.93076393124
      }
    },
    "OC1-phishing-qty-4": {
      "baseline": {
        "p5": 21561372.693673417,
        "p50": 275364598.9180025,
        "p95": 2108195093.8243494
      },
      "sota": {
        "p5": 50459192.87602312,
        "p50": 811083694.3416071,
        "p95": 6718143913.252675
      },
      "saturated": {
        "p5": 48690981.914559275,
        "p50": 1137869735.2376056,
        "p95": 13024137158.702118
      }
    }
  }
}