{
  "modelId": "OC1_SME_Phishing_and_BEC_llm",
  "nodes": {
    "OC1-phishing-cont-4": {
      "baseline": {
        "p5": 0.2875716181329154,
        "p50": 0.5126159322766546,
        "p95": 0.7332760557247475
      },
      "sota": {
        "p5": 0.2375601792036259,
        "p50": 0.5588772696088952,
        "p95": 0.8408824200598525
      },
      "saturated": {
        "p5": 0.1924455346125727,
        "p50": 0.5479249424273775,
        "p95": 0.8719883353166689
      }
    },
    "OC1-phishing-cont-9": {
      "baseline": {
        "p5": 0.3164754338167423,
        "p50": 0.5554105571581806,
        "p95": 0.7756779298495106
      },
      "sota": {
        "p5": 0.25124143966472595,
        "p50": 0.5694537246582321,
        "p95": 0.8639701747023566
      },
      "saturated": {
        "p5": 0.27457087027011823,
        "p50": 0.5632360547172732,
        "p95": 0.8357219392671019
      }
    },
    "OC1-phishing-qty-4": {
      "baseline": {
        "p5": 28987555.26752674,
        "p50": 318772742.1138606,
        "p95": 2039825791.772156
      },
      "sota": {
        "p5": 46400501.45825488,
        "p50": 816583017.0213531,
        "p95": 6852019209.431653
      },
      "saturated": {
        "p5": 62868122.10596274,
        "p50": 1212787755.8155742,
        "p95": 12025231160.18953
      }
    },
    "OC1-phishing-cont-5": {
      "baseline": {
        "p5": 0.35222114060889326,
        "p50": 0.499488409006438,
        "p95": 0.6503116735780013
      },
      "sota": {
        "p5": 0.32015769832977786,
        "p50": 0.5383562723378688,
        "p95": 0.7481187456166287
      },
      "saturated": {
        "p5": 0.34824781876375716,
        "p50": 0.555529097727034,
        "p95": 0.7498853895944922
      }
    },
    "OC1-phishing-cont-1": {
      "baseline": {
        "p5": 0.850521002556999,
        "p50": 0.9335111356692843,
        "p95": 0.9855157751307054
      },
      "sota": {
        "p5": 0.850521002556999,
        "p50": 0.9335111356692843,
        "p95": 0.9855157751307054
      },
      "saturated": {
        "p5": 0.850521002556999,
        "p50": 0.9335111356692843,
        "p95": 0.9855157751307054
      }
    },
    "OC1-phishing-qty-1": {
      "baseline": {
        "p5": 1763.7290005648965,
        "p50": 6746.187726065124,
        "p95": 14948.654882318131
      },
      "sota": {
        "p5": 1685.2539639789495,
        "p50": 9242.474623879629,
        "p95": 21826.339669363282
      },
      "saturated": {
        "p5": 1896.2792368190967,
        "p50": 11195.689443733985,
        "p95": 31897.986412504233
      }
    },
    "OC1-phishing-cont-3": {
      "baseline": {
        "p5": 0.4105993496759073,
        "p50": 0.5101497105937765,
        "p95": 0.6104212183411876
      },
      "sota": {
        "p5": 0.37407580637301807,
        "p50": 0.5416610075358936,
        "p95": 0.712183674478697
      },
      "saturated": {
        "p5": 0.4041080133734064,
        "p50": 0.5567995054589538,
        "p95": 0.6986375801985034
      }
    },
    "OC1-phishing-cont-6": {
      "baseline": {
        "p5": 0.2856183459074478,
        "p50": 0.5997942327145585,
        "p95": 0.8663634962853624
      },
      "sota": {
        "p5": 0.29652809715878076,
        "p50": 0.6578957486258914,
        "p95": 0.9063785501432796
      },
      "saturated": {
        "p5": 0.25852502266612315,
        "p50": 0.649181148783026,
        "p95": 0.915554108393246
      }
    },
    "OC1-phishing-cont-7": {
      "baseline": {
        "p5": 0.07581985223669015,
        "p50": 0.21707305844400157,
        "p95": 0.43508936473621407
      },
      "sota": {
        "p5": 0.07275448816634895,
        "p50": 0.26342044126427766,
        "p95": 0.5630570699066627
      },
      "saturated": {
        "p5": 0.06934238624651387,
        "p50": 0.26442156272452266,
        "p95": 0.5764937458918308
      }
    },
    "OC1-phishing-qty-3": {
      "baseline": {
        "p5": 31043.234058569993,
        "p50": 75019.33823351328,
        "p95": 130625.46961529709
      },
      "sota": {
        "p5": 27610.16898339985,
        "p50": 84903.31891487387,
        "p95": 151406.20334699366
      },
      "saturated": {
        "p5": 32363.428243581355,
        "p50": 89187.99252709048,
        "p95": 166867.5492171299
      }
    },
    "OC1-phishing-qty-2": {
      "baseline": {
        "p5": 17.685577695087254,
        "p50": 77.40078335033986,
        "p95": 150.04292629784157
      },
      "sota": {
        "p5": 19.868044995956186,
        "p50": 95.4547978284699,
        "p95": 198.40932108081492
      },
      "saturated": {
        "p5": 22.011219213794632,
        "p50": 107.2867420484826,
        "p95": 222.69888726555683
      }
    },
    "OC1-phishing-cont-8": {
      "baseline": {
        "p5": 0.16032837343708184,
        "p50": 0.411335656955361,
        "p95": 0.700952015319349
      },
      "sota": {
        "p5": 0.16665888721046257,
        "p50": 0.5007854698566063,
        "p95": 0.83281355253459
      },
      "saturated": {
        "p5": 0.1500599000222497,
        "p50": 0.5036144318907856,
        "p95": 0.8709441915890695
      }
    },
    "OC1-phishing-cont-2": {
      "baseline": {
        "p5": 0.593633555077328,
        "p50": 0.7894301040279887,
        "p95": 0.9221246217356761
      },
      "sota": {
        "p5": 0.5533479279530079,
        "p50": 0.7949850423593028,
        "p95": 0.9442795352616576
      },
      "saturated": {
        "p5": 0.5622393799524908,
        "p50": 0.7990317592787111,
        "p95": 0.9416603773329822
      }
    }
  }
}