{
  "modelId": "OC2_Data_Rich_Data_Breach_and_Extortion_llm",
  "nodes": {
    "OC2-databreach-cont-3": {
      "baseline": {
        "p5": 0.3731308042389243,
        "p50": 0.6317740449707377,
        "p95": 0.8449308376508737
      },
      "sota": {
        "p5": 0.3103794803101022,
        "p50": 0.6264450358853921,
        "p95": 0.8872294729244633
      },
      "saturated": {
        "p5": 0.3177970655779592,
        "p50": 0.6412915603649217,
        "p95": 0.8845687345798564
      }
    },
    "OC2-databreach-cont-4": {
      "baseline": {
        "p5": 0.4992009132831504,
        "p50": 0.7694742100856379,
        "p95": 0.9371984726844824
      },
      "sota": {
        "p5": 0.42800301696646487,
        "p50": 0.7648650679805356,
        "p95": 0.9542535989141668
      },
      "saturated": {
        "p5": 0.4962412767231914,
        "p50": 0.81424168002758,
        "p95": 0.960270269470929
      }
    },
    "OC2-databreach-cont-10": {
      "baseline": {
        "p5": 0.3135965120434342,
        "p50": 0.46478069719355186,
        "p95": 0.6077593296707401
      },
      "sota": {
        "p5": 0.2609270433765187,
        "p50": 0.4843880408307313,
        "p95": 0.6964389163990411
      },
      "saturated": {
        "p5": 0.2680685961373484,
        "p50": 0.48316131470819235,
        "p95": 0.7018940103124094
      }
    },
    "OC2-databreach-qty-1": {
      "baseline": {
        "p5": 88.09992991963999,
        "p50": 419.0915353232646,
        "p95": 947.1921519741418
      },
      "sota": {
        "p5": 90.65538125483185,
        "p50": 529.5155788709233,
        "p95": 1490.1212640997235
      },
      "saturated": {
        "p5": 130.7136968031288,
        "p50": 665.0053582433368,
        "p95": 1984.565989173045
      }
    },
    "OC2-databreach-qty-2": {
      "baseline": {
        "p5": 5.459041006163218,
        "p50": 22.352619925911362,
        "p95": 39.49179827609861
      },
      "sota": {
        "p5": 7.490374700868448,
        "p50": 23.601800320168515,
        "p95": 53.5475313609129
      },
      "saturated": {
        "p5": 12.525607340841665,
        "p50": 32.139526426792116,
        "p95": 79.1076441236807
      }
    },
    "OC2-databreach-qty-3": {
      "baseline": {
        "p5": 719752.2240893786,
        "p50": 3424017.7778851185,
        "p95": 7380990.389998284
      },
      "sota": {
        "p5": 1029512.8376278213,
        "p50": 3531585.6009307983,
        "p95": 10932117.698679475
      },
      "saturated": {
        "p5": 849204.8150217828,
        "p50": 3846242.8495777966,
        "p95": 8469506.763702417
      }
    },
    "OC2-databreach-cont-1": {
      "baseline": {
        "p5": 0.9514253588432101,
        "p50": 0.9847749799656467,
        "p95": 0.997520116292609
      },
      "sota": {
        "p5": 0.9389759225157015,
        "p50": 0.9829823578749166,
        "p95": 0.9979448587500193
      },
      "saturated": {
        "p5": 0.9485221452242601,
        "p50": 0.9840024852703878,
        "p95": 0.9977351697185098
      }
    },
    "OC2-databreach-cont-2": {
      "baseline": {
        "p5": 0.793348990235129,
        "p50": 0.8676838185592283,
        "p95": 0.9253344280223559
      },
      "sota": {
        "p5": 0.7700393412821591,
        "p50": 0.885726418347109,
        "p95": 0.9733438598139924
      },
      "saturated": {
        "p5": 0.7732023075780882,
        "p50": 0.907974236165746,
        "p95": 0.9827733639148549
      }
    },
    "OC2-databreach-cont-5": {
      "baseline": {
        "p5": 0.595952122814173,
        "p50": 0.7685439638663039,
        "p95": 0.8950178751139732
      },
      "sota": {
        "p5": 0.5316981826495514,
        "p50": 0.7636418307298782,
        "p95": 0.9219176879576444
      },
      "saturated": {
        "p5": 0.5610182923916562,
        "p50": 0.7833785913300984,
        "p95": 0.9286693919642846
      }
    },
    "OC2-databreach-cont-8": {
      "baseline": {
        "p5": 0.5152234280762005,
        "p50": 0.6725078484854543,
        "p95": 0.8125944111669502
      },
      "sota": {
        "p5": 0.44321085401672183,
        "p50": 0.69202909398298,
        "p95": 0.8760282689101726
      },
      "saturated": {
        "p5": 0.441093844244755,
        "p50": 0.7067717157556617,
        "p95": 0.8955307309783632
      }
    },
    "OC2-databreach-cont-7": {
      "baseline": {
        "p5": 0.5724383929284313,
        "p50": 0.7449385813617482,
        "p95": 0.8815501600124747
      },
      "sota": {
        "p5": 0.5030216375594543,
        "p50": 0.7744829468657175,
        "p95": 0.9459035658292424
      },
      "saturated": {
        "p5": 0.49680283286905264,
        "p50": 0.7717710378555385,
        "p95": 0.9367392990121048
      }
    },
    "OC2-databreach-cont-6": {
      "baseline": {
        "p5": 0.8396631325774571,
        "p50": 0.9191307385899135,
        "p95": 0.96879081145673
      },
      "sota": {
        "p5": 0.8072790628726592,
        "p50": 0.9351885791427994,
        "p95": 0.98701274339015
      },
      "saturated": {
        "p5": 0.8106344311503454,
        "p50": 0.9381388271245219,
        "p95": 0.9884345007059301
      }
    },
    "OC2-databreach-cont-9": {
      "baseline": {
        "p5": 0.49261545521632477,
        "p50": 0.7789449145826708,
        "p95": 0.9431708190234156
      },
      "sota": {
        "p5": 0.3693329970767258,
        "p50": 0.7636532534531026,
        "p95": 0.964092201346048
      },
      "saturated": {
        "p5": 0.4267992150186192,
        "p50": 0.7769094811875104,
        "p95": 0.959040429053152
      }
    },
    "OC2-databreach-qty-4": {
      "baseline": {
        "p5": 199429107.7802025,
        "p50": 2264724688.837494,
        "p95": 11858175296.434084
      },
      "sota": {
        "p5": 241045974.07813463,
        "p50": 3199504233.452178,
        "p95": 25722514387.7724
      },
      "saturated": {
        "p5": 547824943.7785782,
        "p50": 6864657493.072153,
        "p95": 44005508546.325294
      }
    }
  }
}