{
  "modelId": "OC2_Data_Rich_Data_Breach_and_Extortion_llm",
  "nodes": {
    "OC2-databreach-cont-1": {
      "baseline": {
        "p5": 0.9506532634604534,
        "p50": 0.9834900757495997,
        "p95": 0.996942712235527
      },
      "sota": {
        "p5": 0.9413568346056784,
        "p50": 0.9817787219665034,
        "p95": 0.9971332696352545
      },
      "saturated": {
        "p5": 0.9469266920371884,
        "p50": 0.9837994237578049,
        "p95": 0.9974635115138445
      }
    },
    "OC2-databreach-qty-4": {
      "baseline": {
        "p5": 185754291.10403684,
        "p50": 2060617848.7193818,
        "p95": 12463578043.530386
      },
      "sota": {
        "p5": 279039863.68900853,
        "p50": 3527784812.4401865,
        "p95": 24700110555.414856
      },
      "saturated": {
        "p5": 629166308.288715,
        "p50": 7248074982.606571,
        "p95": 48346986021.57796
      }
    },
    "OC2-databreach-qty-2": {
      "baseline": {
        "p5": 5.150985112196568,
        "p50": 21.748615800536427,
        "p95": 40.04676952651196
      },
      "sota": {
        "p5": 8.978229351389164,
        "p50": 24.86437640350875,
        "p95": 55.18840827605923
      },
      "saturated": {
        "p5": 11.49846489781853,
        "p50": 31.67823819827018,
        "p95": 79.04484941778173
      }
    },
    "OC2-databreach-cont-3": {
      "baseline": {
        "p5": 0.3747461946998198,
        "p50": 0.6337853686922859,
        "p95": 0.8472034488474626
      },
      "sota": {
        "p5": 0.29058204593016973,
        "p50": 0.6232331075148745,
        "p95": 0.8866764645183065
      },
      "saturated": {
        "p5": 0.3346023004332274,
        "p50": 0.6459001798559969,
        "p95": 0.8879546444760175
      }
    },
    "OC2-databreach-cont-7": {
      "baseline": {
        "p5": 0.560712865731491,
        "p50": 0.7441382812671217,
        "p95": 0.8846132576090207
      },
      "sota": {
        "p5": 0.4924923906795523,
        "p50": 0.7679013532422727,
        "p95": 0.9395681665771543
      },
      "saturated": {
        "p5": 0.47940604288418875,
        "p50": 0.7752136364668014,
        "p95": 0.9432556495097184
      }
    },
    "OC2-databreach-cont-4": {
      "baseline": {
        "p5": 0.502906221413998,
        "p50": 0.7640593189850122,
        "p95": 0.9342518227440202
      },
      "sota": {
        "p5": 0.41414837893074785,
        "p50": 0.7615104573354672,
        "p95": 0.9579117344499848
      },
      "saturated": {
        "p5": 0.5260745384035839,
        "p50": 0.8105924178783659,
        "p95": 0.9568681082266667
      }
    },
    "OC2-databreach-cont-5": {
      "baseline": {
        "p5": 0.5833587303303553,
        "p50": 0.7703659671130203,
        "p95": 0.9015241851599454
      },
      "sota": {
        "p5": 0.5255095269131328,
        "p50": 0.7612740035390553,
        "p95": 0.9199887119455361
      },
      "saturated": {
        "p5": 0.5804456285195488,
        "p50": 0.7911710283450889,
        "p95": 0.9292903493337362
      }
    },
    "OC2-databreach-qty-3": {
      "baseline": {
        "p5": 734652.0197421814,
        "p50": 3386396.8284417703,
        "p95": 7203086.586290682
      },
      "sota": {
        "p5": 1139610.5270779792,
        "p50": 3635861.7226447873,
        "p95": 10854280.378641048
      },
      "saturated": {
        "p5": 1065770.074221327,
        "p50": 3943208.204152897,
        "p95": 8855501.459876483
      }
    },
    "OC2-databreach-qty-1": {
      "baseline": {
        "p5": 99.23848056058621,
        "p50": 424.8712878305911,
        "p95": 992.8276355971474
      },
      "sota": {
        "p5": 104.6738367146894,
        "p50": 533.4058232130116,
        "p95": 1434.1887062181004
      },
      "saturated": {
        "p5": 129.29294679231054,
        "p50": 671.8931440576876,
        "p95": 1912.1936934331354
      }
    },
    "OC2-databreach-cont-10": {
      "baseline": {
        "p5": 0.3221388247782156,
        "p50": 0.46891633971840807,
        "p95": 0.6205075424786353
      },
      "sota": {
        "p5": 0.27179349505317785,
        "p50": 0.4758233715399828,
        "p95": 0.6903247058840606
      },
      "saturated": {
        "p5": 0.272477521468989,
        "p50": 0.4857967520556129,
        "p95": 0.7083073838447783
      }
    },
    "OC2-databreach-cont-6": {
      "baseline": {
        "p5": 0.8342299284287247,
        "p50": 0.9191090213541442,
        "p95": 0.9682860086961466
      },
      "sota": {
        "p5": 0.8034033221536556,
        "p50": 0.9339722143278064,
        "p95": 0.9869883829127892
      },
      "saturated": {
        "p5": 0.7976988053305708,
        "p50": 0.938365837763887,
        "p95": 0.9889888101617899
      }
    },
    "OC2-databreach-cont-2": {
      "baseline": {
        "p5": 0.7898850333714523,
        "p50": 0.8688989443322241,
        "p95": 0.9269459321352705
      },
      "sota": {
        "p5": 0.7673575173399747,
        "p50": 0.8694068603283971,
        "p95": 0.9408392437433908
      },
      "saturated": {
        "p5": 0.7744228965477038,
        "p50": 0.8755029569313764,
        "p95": 0.9436014238406849
      }
    },
    "OC2-databreach-cont-9": {
      "baseline": {
        "p5": 0.5033861141668051,
        "p50": 0.7863019535711631,
        "p95": 0.9513342665555721
      },
      "sota": {
        "p5": 0.3959657231806187,
        "p50": 0.7633058817176794,
        "p95": 0.9618837629953431
      },
      "saturated": {
        "p5": 0.42507355903444954,
        "p50": 0.781423660917568,
        "p95": 0.9673314654319651
      }
    }
  }
}