{
  "modelId": "OC2_SME_Social_Eng_Initial_Access_Ransom_llm",
  "nodes": {
    "OC2-iab-cont-3": {
      "baseline": {
        "p5": 0.06542001283454289,
        "p50": 0.17563856957278967,
        "p95": 0.3329377945588007
      },
      "sota": {
        "p5": 0.07058485665182841,
        "p50": 0.21474664546099934,
        "p95": 0.4625516870536767
      },
      "saturated": {
        "p5": 0.07144619814364736,
        "p50": 0.21228109674512136,
        "p95": 0.44364712407797885
      }
    },
    "OC2-iab-cont-5": {
      "baseline": {
        "p5": 0.48084457273405945,
        "p50": 0.758836727371424,
        "p95": 0.9359720789857788
      },
      "sota": {
        "p5": 0.4645534608461492,
        "p50": 0.76257335882395,
        "p95": 0.9442407625753623
      },
      "saturated": {
        "p5": 0.39693694651267164,
        "p50": 0.74964995999123,
        "p95": 0.9525912683450851
      }
    },
    "OC2-iab-qty-2": {
      "baseline": {
        "p5": 16356.209841356107,
        "p50": 56323.647028850886,
        "p95": 100867.40646681472
      },
      "sota": {
        "p5": 15278.496941751055,
        "p50": 60094.3419969145,
        "p95": 118483.38856929973
      },
      "saturated": {
        "p5": 17990.305991734138,
        "p50": 73183.62019296498,
        "p95": 139740.973853988
      }
    },
    "OC2-iab-qty-3": {
      "baseline": {
        "p5": 1065.4646318636817,
        "p50": 7078.926903004797,
        "p95": 17461.535367474222
      },
      "sota": {
        "p5": 1388.8844140140318,
        "p50": 7138.04471288046,
        "p95": 23643.700474112906
      },
      "saturated": {
        "p5": 2500.8204614467586,
        "p50": 5544.848484114763,
        "p95": 16714.635513388457
      }
    },
    "OC2-iab-cont-1": {
      "baseline": {
        "p5": 1.0,
        "p50": 1.0,
        "p95": 1.0
      },
      "sota": {
        "p5": 1.0,
        "p50": 1.0,
        "p95": 1.0
      },
      "saturated": {
        "p5": 1.0,
        "p50": 1.0,
        "p95": 1.0
      }
    },
    "OC2-iab-cont-2": {
      "baseline": {
        "p5": 1.0,
        "p50": 1.0,
        "p95": 1.0
      },
      "sota": {
        "p5": 1.0,
        "p50": 1.0,
        "p95": 1.0
      },
      "saturated": {
        "p5": 1.0,
        "p50": 1.0,
        "p95": 1.0
      }
    },
    "OC2-iab-cont-4": {
      "baseline": {
        "p5": 0.14687589552017716,
        "p50": 0.3637105171121281,
        "p95": 0.6351372971887075
      },
      "sota": {
        "p5": 0.1126119751499133,
        "p50": 0.4293682680437768,
        "p95": 0.8234922578368249
      },
      "saturated": {
        "p5": 0.16491661840046418,
        "p50": 0.48210416252293775,
        "p95": 0.8179924126371017
      }
    },
    "OC2-iab-cont-6": {
      "baseline": {
        "p5": 0.7576631896670786,
        "p50": 0.8770719530989015,
        "p95": 0.9529368345722551
      },
      "sota": {
        "p5": 0.7473689939458931,
        "p50": 0.8795383025150101,
        "p95": 0.9539173189250524
      },
      "saturated": {
        "p5": 0.7523526530031164,
        "p50": 0.8803832455454315,
        "p95": 0.9524778990662129
      }
    },
    "OC2-iab-cont-7": {
      "baseline": {
        "p5": 0.4925009318236324,
        "p50": 0.8038307449019368,
        "p95": 0.969916075795325
      },
      "sota": {
        "p5": 0.5379902340769088,
        "p50": 0.8242816174369145,
        "p95": 0.9730881414565867
      },
      "saturated": {
        "p5": 0.5025513349415823,
        "p50": 0.8089372061616678,
        "p95": 0.964194381752694
      }
    },
    "OC2-iab-cont-8": {
      "baseline": {
        "p5": 0.5039149024769036,
        "p50": 0.7072066415201614,
        "p95": 0.8645928953196562
      },
      "sota": {
        "p5": 0.4467602653945074,
        "p50": 0.6987576080968356,
        "p95": 0.9035189935409033
      },
      "saturated": {
        "p5": 0.4204771024261877,
        "p50": 0.7157528181358304,
        "p95": 0.9192181996048666
      }
    },
    "OC2-iab-cont-9": {
      "baseline": {
        "p5": 0.7155259149274775,
        "p50": 0.8464750776769638,
        "p95": 0.9413493392811462
      },
      "sota": {
        "p5": 0.7055322413835727,
        "p50": 0.8489285907359594,
        "p95": 0.9321060218519536
      },
      "saturated": {
        "p5": 0.7092609941934093,
        "p50": 0.8432428815292001,
        "p95": 0.9369229685401392
      }
    },
    "OC2-iab-qty-1": {
      "baseline": {
        "p5": 22.295994561522537,
        "p50": 58.61266494592694,
        "p95": 102.55995930146834
      },
      "sota": {
        "p5": 20.095624454956234,
        "p50": 79.7476986242238,
        "p95": 145.88733694450036
      },
      "saturated": {
        "p5": 19.30198316114658,
        "p50": 78.98465733352211,
        "p95": 151.47805936716665
      }
    },
    "OC2-iab-qty-4": {
      "baseline": {
        "p5": 407472.2876198034,
        "p50": 5240964.551278453,
        "p95": 35772141.535211906
      },
      "sota": {
        "p5": 650256.3886078205,
        "p50": 8019515.349216338,
        "p95": 61166501.596540235
      },
      "saturated": {
        "p5": 809197.1244733218,
        "p50": 8959002.374917187,
        "p95": 59598905.32013175
      }
    },
    "OC2-iab-cont-2a": {
      "baseline": {
        "p5": 1.0,
        "p50": 1.0,
        "p95": 1.0
      },
      "sota": {
        "p5": 1.0,
        "p50": 1.0,
        "p95": 1.0
      },
      "saturated": {
        "p5": 1.0,
        "p50": 1.0,
        "p95": 1.0
      }
    },
    "OC2-iab-cont-2b": {
      "baseline": {
        "p5": 1.0,
        "p50": 1.0,
        "p95": 1.0
      },
      "sota": {
        "p5": 1.0,
        "p50": 1.0,
        "p95": 1.0
      },
      "saturated": {
        "p5": 1.0,
        "p50": 1.0,
        "p95": 1.0
      }
    }
  }
}