{
  "modelId": "OC2_SME_Social_Eng_Initial_Access_Ransom_llm",
  "nodes": {
    "OC2-iab-qty-1": {
      "baseline": {
        "p5": 24.361309237509737,
        "p50": 58.45377070312068,
        "p95": 99.88021748426902
      },
      "sota": {
        "p5": 21.053720129891904,
        "p50": 74.85757710387688,
        "p95": 142.97615093504896
      },
      "saturated": {
        "p5": 20.47205579412173,
        "p50": 78.24052454740647,
        "p95": 147.6612100483421
      }
    },
    "OC2-iab-cont-1": {
      "baseline": {
        "p5": 1.0,
        "p50": 1.0,
        "p95": 1.0
      },
      "sota": {
        "p5": 1.0,
        "p50": 1.0,
        "p95": 1.0
      },
      "saturated": {
        "p5": 1.0,
        "p50": 1.0,
        "p95": 1.0
      }
    },
    "OC2-iab-cont-8": {
      "baseline": {
        "p5": 0.4941532808940982,
        "p50": 0.7078957293633619,
        "p95": 0.8728505372801467
      },
      "sota": {
        "p5": 0.4342528391391259,
        "p50": 0.7085912861933965,
        "p95": 0.9041116623225993
      },
      "saturated": {
        "p5": 0.4238551336424539,
        "p50": 0.7260220060045666,
        "p95": 0.9214007580893205
      }
    },
    "OC2-iab-cont-9": {
      "baseline": {
        "p5": 0.7084379571556391,
        "p50": 0.8484369969202388,
        "p95": 0.9390129424057228
      },
      "sota": {
        "p5": 0.7084379571556391,
        "p50": 0.8484369969202388,
        "p95": 0.9390129424057228
      },
      "saturated": {
        "p5": 0.7084379571556391,
        "p50": 0.8484369969202388,
        "p95": 0.9390129424057228
      }
    },
    "OC2-iab-cont-4": {
      "baseline": {
        "p5": 0.15454354664368125,
        "p50": 0.3667218661197992,
        "p95": 0.6276463031610379
      },
      "sota": {
        "p5": 0.11317483699885231,
        "p50": 0.4418396527063817,
        "p95": 0.8136399901823929
      },
      "saturated": {
        "p5": 0.15292638849281423,
        "p50": 0.4744046820485404,
        "p95": 0.8076034009082674
      }
    },
    "OC2-iab-cont-2": {
      "baseline": {
        "p5": 1.0,
        "p50": 1.0,
        "p95": 1.0
      },
      "sota": {
        "p5": 1.0,
        "p50": 1.0,
        "p95": 1.0
      },
      "saturated": {
        "p5": 1.0,
        "p50": 1.0,
        "p95": 1.0
      }
    },
    "OC2-iab-qty-4": {
      "baseline": {
        "p5": 433556.41763214435,
        "p50": 5247378.5388744,
        "p95": 31479114.801465962
      },
      "sota": {
        "p5": 571593.8165665109,
        "p50": 8701120.374675624,
        "p95": 62721861.46110184
      },
      "saturated": {
        "p5": 941586.2421262327,
        "p50": 9804866.802274246,
        "p95": 62792504.301257014
      }
    },
    "OC2-iab-cont-6": {
      "baseline": {
        "p5": 0.750130549692192,
        "p50": 0.876774771551225,
        "p95": 0.9557120129778847
      },
      "sota": {
        "p5": 0.750130549692192,
        "p50": 0.876774771551225,
        "p95": 0.9557120129778847
      },
      "saturated": {
        "p5": 0.750130549692192,
        "p50": 0.876774771551225,
        "p95": 0.9557120129778847
      }
    },
    "OC2-iab-qty-2": {
      "baseline": {
        "p5": 14664.786959204444,
        "p50": 54275.07605567567,
        "p95": 99158.79772792579
      },
      "sota": {
        "p5": 15580.77420517365,
        "p50": 59391.156349506244,
        "p95": 120884.58296801221
      },
      "saturated": {
        "p5": 18230.94875960053,
        "p50": 73937.14770527737,
        "p95": 143050.23871762815
      }
    },
    "OC2-iab-cont-3": {
      "baseline": {
        "p5": 0.06652419771220827,
        "p50": 0.1790639788306808,
        "p95": 0.3500680325244328
      },
      "sota": {
        "p5": 0.06909146208775155,
        "p50": 0.21355268809005729,
        "p95": 0.4767429155385908
      },
      "saturated": {
        "p5": 0.07259819923006956,
        "p50": 0.21336560512495126,
        "p95": 0.4465331258414706
      }
    },
    "OC2-iab-cont-5": {
      "baseline": {
        "p5": 0.4988252420202509,
        "p50": 0.7617023412389569,
        "p95": 0.9311912577763598
      },
      "sota": {
        "p5": 0.45163362532129897,
        "p50": 0.7548671400829259,
        "p95": 0.9405166439570197
      },
      "saturated": {
        "p5": 0.408865661856842,
        "p50": 0.7505180294061761,
        "p95": 0.9534204401879499
      }
    },
    "OC2-iab-qty-3": {
      "baseline": {
        "p5": 993.3139295282572,
        "p50": 7186.771950846609,
        "p95": 17597.10969570057
      },
      "sota": {
        "p5": 1482.450166681403,
        "p50": 7165.546715070315,
        "p95": 24306.280974343586
      },
      "saturated": {
        "p5": 2585.344229703964,
        "p50": 5694.0552306171085,
        "p95": 18358.945906283738
      }
    },
    "OC2-iab-cont-7": {
      "baseline": {
        "p5": 0.5036318532810137,
        "p50": 0.8091598385789545,
        "p95": 0.9684273993965342
      },
      "sota": {
        "p5": 0.5036318532810137,
        "p50": 0.8091598385789545,
        "p95": 0.9684273993965342
      },
      "saturated": {
        "p5": 0.5036318532810137,
        "p50": 0.8091598385789545,
        "p95": 0.9684273993965342
      }
    },
    "OC2-iab-cont-2a": {
      "baseline": {
        "p5": 1.0,
        "p50": 1.0,
        "p95": 1.0
      },
      "sota": {
        "p5": 1.0,
        "p50": 1.0,
        "p95": 1.0
      },
      "saturated": {
        "p5": 1.0,
        "p50": 1.0,
        "p95": 1.0
      }
    },
    "OC2-iab-cont-2b": {
      "baseline": {
        "p5": 1.0,
        "p50": 1.0,
        "p95": 1.0
      },
      "sota": {
        "p5": 1.0,
        "p50": 1.0,
        "p95": 1.0
      },
      "saturated": {
        "p5": 1.0,
        "p50": 1.0,
        "p95": 1.0
      }
    }
  }
}