{
  "modelId": "OC3_Financial_DDoS_llm",
  "nodes": {
    "oc3-ddos-cont-2b": {
      "baseline": {
        "p5": 0.38512627607368677,
        "p50": 0.6135940365899231,
        "p95": 0.8227978948027852
      },
      "sota": {
        "p5": 0.4045534794959696,
        "p50": 0.6383313169585132,
        "p95": 0.82272027233258
      },
      "saturated": {
        "p5": 0.4310252960671108,
        "p50": 0.673492612870255,
        "p95": 0.8216435466203386
      }
    },
    "oc3-ddos-cont-5a": {
      "baseline": {
        "p5": 0.2091913300944551,
        "p50": 0.4000888053453133,
        "p95": 0.5850381632052055
      },
      "sota": {
        "p5": 0.1472604360617804,
        "p50": 0.4248116472306429,
        "p95": 0.7349236674378887
      },
      "saturated": {
        "p5": 0.14869693614463306,
        "p50": 0.4553511689196772,
        "p95": 0.7491304351856058
      }
    },
    "oc3-ddos-cont-3": {
      "baseline": {
        "p5": 0.20434128508808375,
        "p50": 0.38897162417679343,
        "p95": 0.6244257739307689
      },
      "sota": {
        "p5": 0.20327574470642434,
        "p50": 0.4294024055076803,
        "p95": 0.7176463719579402
      },
      "saturated": {
        "p5": 0.19290026328242613,
        "p50": 0.5085924208360253,
        "p95": 0.7932251766638102
      }
    },
    "oc3-ddos-qty-1": {
      "baseline": {
        "p5": 6.100285257368625,
        "p50": 16.430267675366284,
        "p95": 29.03865689421933
      },
      "sota": {
        "p5": 4.833640146536981,
        "p50": 18.529526925426914,
        "p95": 37.157260186176444
      },
      "saturated": {
        "p5": 5.809024396618131,
        "p50": 19.381783131785895,
        "p95": 38.38746763073285
      }
    },
    "oc3-ddos-qty-2": {
      "baseline": {
        "p5": 58.238395638179036,
        "p50": 162.59839757629592,
        "p95": 295.46521279372166
      },
      "sota": {
        "p5": 48.73690579492257,
        "p50": 168.83930120446098,
        "p95": 332.6275768860061
      },
      "saturated": {
        "p5": 53.97395440091622,
        "p50": 194.47412063423477,
        "p95": 372.34056457329547
      }
    },
    "oc3-ddos-cont-2a": {
      "baseline": {
        "p5": 0.8645538936320475,
        "p50": 0.9565315756993618,
        "p95": 0.9941120930521994
      },
      "sota": {
        "p5": 0.8255660535727849,
        "p50": 0.9211430357200207,
        "p95": 0.9799274162786109
      },
      "saturated": {
        "p5": 0.8274958144729002,
        "p50": 0.916360786825936,
        "p95": 0.9754672879755099
      }
    },
    "oc3-ddos-cont-2": {
      "baseline": {
        "p5": 0.9413069842433887,
        "p50": 0.9842020285781818,
        "p95": 0.998015733803036
      },
      "sota": {
        "p5": 0.9240127368493068,
        "p50": 0.9730012137323466,
        "p95": 0.9943978600545957
      },
      "saturated": {
        "p5": 0.934937816955176,
        "p50": 0.9744295031618357,
        "p95": 0.9933870981207791
      }
    },
    "oc3-ddos-qty-3": {
      "baseline": {
        "p5": 5345194.210850058,
        "p50": 29434274.45012176,
        "p95": 80159034.5918289
      },
      "sota": {
        "p5": 7069241.814891655,
        "p50": 23527453.76229048,
        "p95": 73192264.55245267
      },
      "saturated": {
        "p5": 9362013.370638717,
        "p50": 22850775.487103198,
        "p95": 71690020.16220847
      }
    },
    "oc3-ddos-cont-3a": {
      "baseline": {
        "p5": 0.49031537743619064,
        "p50": 0.6898347833631372,
        "p95": 0.8417126183494895
      },
      "sota": {
        "p5": 0.43767228104041106,
        "p50": 0.6937051682808737,
        "p95": 0.8922808474335799
      },
      "saturated": {
        "p5": 0.4397884854156522,
        "p50": 0.7237592836364564,
        "p95": 0.9216853677141097
      }
    },
    "oc3-ddos-cont-3b": {
      "baseline": {
        "p5": 0.13325819951646364,
        "p50": 0.2650452567313607,
        "p95": 0.4454801799007366
      },
      "sota": {
        "p5": 0.1264105722055917,
        "p50": 0.29237542953408435,
        "p95": 0.5365397289477284
      },
      "saturated": {
        "p5": 0.12157051583361432,
        "p50": 0.354099454663626,
        "p95": 0.6115108232329858
      }
    },
    "oc3-ddos-cont-4": {
      "baseline": {
        "p5": 0.4162629743177786,
        "p50": 0.6826818859748983,
        "p95": 0.8934885201973833
      },
      "sota": {
        "p5": 0.2974793368060534,
        "p50": 0.6606476267566069,
        "p95": 0.920442112074578
      },
      "saturated": {
        "p5": 0.2777294821286103,
        "p50": 0.6756271037321937,
        "p95": 0.9346547372980583
      }
    },
    "oc3-ddos-cont-5b": {
      "baseline": {
        "p5": 0.4795944177515125,
        "p50": 0.7015077093819366,
        "p95": 0.8700256917793677
      },
      "sota": {
        "p5": 0.5569882256815639,
        "p50": 0.7062223448267524,
        "p95": 0.8113067444782796
      },
      "saturated": {
        "p5": 0.4965852376913722,
        "p50": 0.7351656613102442,
        "p95": 0.8882254405142437
      }
    },
    "oc3-ddos-cont-5": {
      "baseline": {
        "p5": 0.66835065942951,
        "p50": 0.8265227310485826,
        "p95": 0.927910673486407
      },
      "sota": {
        "p5": 0.696968311043211,
        "p50": 0.8350827310451003,
        "p95": 0.931383057543359
      },
      "saturated": {
        "p5": 0.6740206693522305,
        "p50": 0.8575105381859374,
        "p95": 0.9544956919386123
      }
    },
    "oc3-ddos-cont-1b": {
      "baseline": {
        "p5": 0.4959475944563693,
        "p50": 0.7120889963262393,
        "p95": 0.8729956076995886
      },
      "sota": {
        "p5": 0.42362595727935315,
        "p50": 0.7139471358268895,
        "p95": 0.9211071430984195
      },
      "saturated": {
        "p5": 0.48985291109262635,
        "p50": 0.7366697610817574,
        "p95": 0.9184830058061464
      }
    },
    "oc3-ddos-cont-1a": {
      "baseline": {
        "p5": 0.7163794566702348,
        "p50": 0.8414913502327792,
        "p95": 0.9243996454029976
      },
      "sota": {
        "p5": 0.6421253079522322,
        "p50": 0.8171483883646979,
        "p95": 0.9348431722566012
      },
      "saturated": {
        "p5": 0.6777413352393962,
        "p50": 0.8420047436283473,
        "p95": 0.9533926362802353
      }
    },
    "oc3-ddos-cont-1": {
      "baseline": {
        "p5": 0.8974484339980789,
        "p50": 0.9558772812167378,
        "p95": 0.9849407117994616
      },
      "sota": {
        "p5": 0.8567195723770881,
        "p50": 0.9524268352917389,
        "p95": 0.9911719939441069
      },
      "saturated": {
        "p5": 0.8862966441453083,
        "p50": 0.9629391131985807,
        "p95": 0.9919089839992979
      }
    },
    "oc3-ddos-qty-4": {
      "baseline": {
        "p5": 1011254649.7885448,
        "p50": 8058535243.775992,
        "p95": 40080814269.26389
      },
      "sota": {
        "p5": 832216601.372082,
        "p50": 8897062043.71508,
        "p95": 51819596634.673546
      },
      "saturated": {
        "p5": 1174436929.5134513,
        "p50": 12991462109.306871,
        "p95": 73218753225.94466
      }
    }
  }
}