{
  "modelId": "OC3_Ransomware_SME_target_Web_vuln_llm",
  "nodes": {
    "OC3-ransomware-sme-webvuln-cont-3": {
      "baseline": {
        "p5": 0.23043191797220505,
        "p50": 0.5856194478319919,
        "p95": 0.8956137575349468
      },
      "sota": {
        "p5": 0.16280854923757165,
        "p50": 0.6034669816276372,
        "p95": 0.9312067837133068
      },
      "saturated": {
        "p5": 0.2707731903374649,
        "p50": 0.6494925966544844,
        "p95": 0.9143967704234622
      }
    },
    "OC3-ransomware-sme-webvuln-cont-4": {
      "baseline": {
        "p5": 0.17689541376466011,
        "p50": 0.5203523195803023,
        "p95": 0.8626267762474277
      },
      "sota": {
        "p5": 0.0969652205374557,
        "p50": 0.5113798765580786,
        "p95": 0.9335744017861879
      },
      "saturated": {
        "p5": 0.24038388359975002,
        "p50": 0.6087824800512925,
        "p95": 0.899093186268598
      }
    },
    "OC3-ransomware-sme-webvuln-cont-5": {
      "baseline": {
        "p5": 0.2532450618030346,
        "p50": 0.6100782152264916,
        "p95": 0.9108922781411454
      },
      "sota": {
        "p5": 0.16404038315693792,
        "p50": 0.6246459609885544,
        "p95": 0.942890826178936
      },
      "saturated": {
        "p5": 0.269085505841471,
        "p50": 0.7103551058346655,
        "p95": 0.9492213405221743
      }
    },
    "OC3-ransomware-sme-webvuln-qty-2": {
      "baseline": {
        "p5": 67.00244469238784,
        "p50": 244.55109600564478,
        "p95": 456.94960217656063
      },
      "sota": {
        "p5": 72.83114512749087,
        "p50": 232.41789863645846,
        "p95": 594.2067492435735
      },
      "saturated": {
        "p5": 77.83026706909412,
        "p50": 318.9089524280704,
        "p95": 739.8266979989887
      }
    },
    "OC3-ransomware-sme-webvuln-qty-1": {
      "baseline": {
        "p5": 2.7433169476960777,
        "p50": 17.83400993947814,
        "p95": 40.292602523681246
      },
      "sota": {
        "p5": 2.8861930212664095,
        "p50": 21.46041821928188,
        "p95": 56.51132179066401
      },
      "saturated": {
        "p5": 4.917534868276157,
        "p50": 22.64755593620952,
        "p95": 63.92492529473979
      }
    },
    "OC3-ransomware-sme-webvuln-cont-1": {
      "baseline": {
        "p5": 1.0,
        "p50": 1.0,
        "p95": 1.0
      },
      "sota": {
        "p5": 1.0,
        "p50": 1.0,
        "p95": 1.0
      },
      "saturated": {
        "p5": 1.0,
        "p50": 1.0,
        "p95": 1.0
      }
    },
    "OC3-ransomware-sme-webvuln-cont-2": {
      "baseline": {
        "p5": 1.0,
        "p50": 1.0,
        "p95": 1.0
      },
      "sota": {
        "p5": 1.0,
        "p50": 1.0,
        "p95": 1.0
      },
      "saturated": {
        "p5": 1.0,
        "p50": 1.0,
        "p95": 1.0
      }
    },
    "OC3-ransomware-sme-webvuln-cont-6": {
      "baseline": {
        "p5": 0.7171428639188029,
        "p50": 0.8048398328842812,
        "p95": 0.8814841718531798
      },
      "sota": {
        "p5": 0.7110431620248495,
        "p50": 0.8040307784646434,
        "p95": 0.8790065753062147
      },
      "saturated": {
        "p5": 0.7166209529043709,
        "p50": 0.8053962163245081,
        "p95": 0.8724676865574025
      }
    },
    "OC3-ransomware-sme-webvuln-cont-7": {
      "baseline": {
        "p5": 0.5057204341347422,
        "p50": 0.6618320601423111,
        "p95": 0.7916415428254162
      },
      "sota": {
        "p5": 0.44242636942752234,
        "p50": 0.6826118500273912,
        "p95": 0.8660578528445741
      },
      "saturated": {
        "p5": 0.462753321743146,
        "p50": 0.7068224713729052,
        "p95": 0.8908136505403904
      }
    },
    "OC3-ransomware-sme-webvuln-cont-8": {
      "baseline": {
        "p5": 0.7537715004507176,
        "p50": 0.8739817234194749,
        "p95": 0.9526093445525813
      },
      "sota": {
        "p5": 0.7535865005431439,
        "p50": 0.8773697823217435,
        "p95": 0.9565214857146539
      },
      "saturated": {
        "p5": 0.7437038621235104,
        "p50": 0.8755108757971585,
        "p95": 0.956204484765925
      }
    },
    "OC3-ransomware-sme-webvuln-cont-9": {
      "baseline": {
        "p5": 0.8244772786170494,
        "p50": 0.9163413422405953,
        "p95": 0.9732785681936845
      },
      "sota": {
        "p5": 0.8054540916129526,
        "p50": 0.9120485962546026,
        "p95": 0.9709212933464052
      },
      "saturated": {
        "p5": 0.8164642074624393,
        "p50": 0.9155768361433818,
        "p95": 0.9716358752084568
      }
    },
    "OC3-ransomware-sme-webvuln-cont-10": {
      "baseline": {
        "p5": 0.733219892792951,
        "p50": 0.8839596373379035,
        "p95": 0.9677261290467839
      },
      "sota": {
        "p5": 0.7141986568135616,
        "p50": 0.880194226448416,
        "p95": 0.9659927670569636
      },
      "saturated": {
        "p5": 0.7391251574042668,
        "p50": 0.8819027448532353,
        "p95": 0.9679547999214422
      }
    },
    "OC3-ransomware-sme-webvuln-cont-11": {
      "baseline": {
        "p5": 0.5993815489310672,
        "p50": 0.7738923892422069,
        "p95": 0.9012977192055462
      },
      "sota": {
        "p5": 0.6798928490353924,
        "p50": 0.8237768587031635,
        "p95": 0.9303386372157526
      },
      "saturated": {
        "p5": 0.6776351571856828,
        "p50": 0.8420771709090966,
        "p95": 0.9443678911388063
      }
    },
    "OC3-ransomware-sme-webvuln-qty-5": {
      "baseline": {
        "p5": 7337016.806573698,
        "p50": 128472704.14515099,
        "p95": 968367263.9157261
      },
      "sota": {
        "p5": 5498789.4375564745,
        "p50": 132288798.45505875,
        "p95": 1370537009.3180351
      },
      "saturated": {
        "p5": 30032938.230906293,
        "p50": 415128622.2613462,
        "p95": 2475818725.924356
      }
    }
  }
}