{
  "modelId": "OC3_Ransomware_Large_enterprise_target_llm",
  "nodes": {
    "OC3-ransomware-large-cont-1": {
      "baseline": {
        "p5": 1.0,
        "p50": 1.0,
        "p95": 1.0
      },
      "sota": {
        "p5": 1.0,
        "p50": 1.0,
        "p95": 1.0
      },
      "saturated": {
        "p5": 1.0,
        "p50": 1.0,
        "p95": 1.0
      }
    },
    "OC3-ransomware-large-cont-2": {
      "baseline": {
        "p5": 1.0,
        "p50": 1.0,
        "p95": 1.0
      },
      "sota": {
        "p5": 1.0,
        "p50": 1.0,
        "p95": 1.0
      },
      "saturated": {
        "p5": 1.0,
        "p50": 1.0,
        "p95": 1.0
      }
    },
    "OC3-ransomware-large-cont-5": {
      "baseline": {
        "p5": 0.25250311871394465,
        "p50": 0.6277940227491575,
        "p95": 0.9128064820108169
      },
      "sota": {
        "p5": 0.1710996165628254,
        "p50": 0.6057041234240927,
        "p95": 0.9385227564349892
      },
      "saturated": {
        "p5": 0.1962617564053719,
        "p50": 0.6468991406685269,
        "p95": 0.9488643759833161
      }
    },
    "OC3-ransomware-large-qty-2": {
      "baseline": {
        "p5": 15.171050536218074,
        "p50": 67.36384010880846,
        "p95": 149.1344320060689
      },
      "sota": {
        "p5": 19.362201112941314,
        "p50": 62.28353653938092,
        "p95": 155.8894928880832
      },
      "saturated": {
        "p5": 16.425386669577133,
        "p50": 80.65415519448005,
        "p95": 185.50416159207742
      }
    },
    "OC3-ransomware-large-cont-11": {
      "baseline": {
        "p5": 0.5988185106558244,
        "p50": 0.7768844065485733,
        "p95": 0.9029625590902456
      },
      "sota": {
        "p5": 0.5625427065862999,
        "p50": 0.79478275372865,
        "p95": 0.9396080735176021
      },
      "saturated": {
        "p5": 0.5431802297053921,
        "p50": 0.779789624509891,
        "p95": 0.9304354312745409
      }
    },
    "OC3-ransomware-large-cont-4": {
      "baseline": {
        "p5": 0.1628165760099348,
        "p50": 0.5171371157086487,
        "p95": 0.8556599112715425
      },
      "sota": {
        "p5": 0.10762223912050756,
        "p50": 0.5480712316436362,
        "p95": 0.9099886002419236
      },
      "saturated": {
        "p5": 0.13508467604048574,
        "p50": 0.5778202083372979,
        "p95": 0.9177076603582432
      }
    },
    "OC3-ransomware-large-cont-8": {
      "baseline": {
        "p5": 0.7555543282178158,
        "p50": 0.8570055475318237,
        "p95": 0.9291259517856713
      },
      "sota": {
        "p5": 0.7555543282178158,
        "p50": 0.8570055475318237,
        "p95": 0.9291259517856713
      },
      "saturated": {
        "p5": 0.7555543282178158,
        "p50": 0.8570055475318237,
        "p95": 0.9291259517856713
      }
    },
    "OC3-ransomware-large-cont-10": {
      "baseline": {
        "p5": 0.7055538512574863,
        "p50": 0.8240004955451067,
        "p95": 0.9109551395705703
      },
      "sota": {
        "p5": 0.7055538512574863,
        "p50": 0.8240004955451067,
        "p95": 0.9109551395705703
      },
      "saturated": {
        "p5": 0.7055538512574863,
        "p50": 0.8240004955451067,
        "p95": 0.9109551395705703
      }
    },
    "OC3-ransomware-large-cont-3": {
      "baseline": {
        "p5": 0.24026835736989371,
        "p50": 0.5785196468731806,
        "p95": 0.8747472903283081
      },
      "sota": {
        "p5": 0.18607897811990745,
        "p50": 0.5868317476010806,
        "p95": 0.9120072610096696
      },
      "saturated": {
        "p5": 0.19058019254991582,
        "p50": 0.619756283405728,
        "p95": 0.9371517925874309
      }
    },
    "OC3-ransomware-large-cont-9": {
      "baseline": {
        "p5": 0.7938875680875025,
        "p50": 0.9044763587902165,
        "p95": 0.966506150285837
      },
      "sota": {
        "p5": 0.7938875680875025,
        "p50": 0.9044763587902165,
        "p95": 0.966506150285837
      },
      "saturated": {
        "p5": 0.7938875680875025,
        "p50": 0.9044763587902165,
        "p95": 0.966506150285837
      }
    },
    "OC3-ransomware-large-qty-5": {
      "baseline": {
        "p5": 1670107.6225950795,
        "p50": 32778002.2821898,
        "p95": 271376577.0127179
      },
      "sota": {
        "p5": 1497914.0716720503,
        "p50": 32022677.259452246,
        "p95": 401675394.0319729
      },
      "saturated": {
        "p5": 2580025.0437522195,
        "p50": 59979968.93023859,
        "p95": 601968135.7982837
      }
    },
    "OC3-ransomware-large-qty-1": {
      "baseline": {
        "p5": 1.5020887597808539,
        "p50": 11.731720464239656,
        "p95": 30.056577939582766
      },
      "sota": {
        "p5": 2.0416751541381064,
        "p50": 8.85478126251304,
        "p95": 41.799495740509336
      },
      "saturated": {
        "p5": 1.9129276540296625,
        "p50": 10.864174730247138,
        "p95": 39.936055347048026
      }
    },
    "OC3-ransomware-large-cont-6": {
      "baseline": {
        "p5": 0.6974202202670284,
        "p50": 0.8420289315577023,
        "p95": 0.9361401104279722
      },
      "sota": {
        "p5": 0.6552017318014425,
        "p50": 0.8484109367652303,
        "p95": 0.9573526011619936
      },
      "saturated": {
        "p5": 0.6627822128422981,
        "p50": 0.8577130821990004,
        "p95": 0.9603358226382529
      }
    },
    "OC3-ransomware-large-cont-7": {
      "baseline": {
        "p5": 0.3061761804684296,
        "p50": 0.5002643470180672,
        "p95": 0.7005534104647089
      },
      "sota": {
        "p5": 0.23961412945047225,
        "p50": 0.5514977804394867,
        "p95": 0.835603521046144
      },
      "saturated": {
        "p5": 0.271857834956669,
        "p50": 0.5580566625475553,
        "p95": 0.8191975201669247
      }
    }
  }
}