{
  "modelId": "OC3_Financial_DDoS_llm",
  "nodes": {
    "oc3-ddos-qty-4": {
      "baseline": {
        "p5": 821057871.6811159,
        "p50": 8058269327.290764,
        "p95": 42201941842.112274
      },
      "sota": {
        "p5": 802792094.2693146,
        "p50": 8552692236.065813,
        "p95": 53772202257.198105
      },
      "saturated": {
        "p5": 1291309696.6971185,
        "p50": 13807241706.688473,
        "p95": 76853357508.89012
      }
    },
    "oc3-ddos-cont-5": {
      "baseline": {
        "p5": 0.6701233820481561,
        "p50": 0.8286979814686972,
        "p95": 0.9302718892533727
      },
      "sota": {
        "p5": 0.7104177521982643,
        "p50": 0.8309905431697178,
        "p95": 0.9307434944479415
      },
      "saturated": {
        "p5": 0.6883777449610273,
        "p50": 0.8556560647513176,
        "p95": 0.9569744285134038
      }
    },
    "oc3-ddos-cont-5a": {
      "baseline": {
        "p5": 0.2105360721473686,
        "p50": 0.4000360404418002,
        "p95": 0.6049257331613723
      },
      "sota": {
        "p5": 0.15373503192226753,
        "p50": 0.42227119918350764,
        "p95": 0.7392694626132669
      },
      "saturated": {
        "p5": 0.15400718601660043,
        "p50": 0.4416438255727544,
        "p95": 0.7628309661331015
      }
    },
    "oc3-ddos-qty-1": {
      "baseline": {
        "p5": 6.463782265495366,
        "p50": 16.538818798802016,
        "p95": 29.973931123783494
      },
      "sota": {
        "p5": 5.245551923414447,
        "p50": 18.937134127447898,
        "p95": 38.01907501789749
      },
      "saturated": {
        "p5": 6.452122018167344,
        "p50": 19.47191829375583,
        "p95": 39.336808831906296
      }
    },
    "oc3-ddos-cont-1": {
      "baseline": {
        "p5": 0.8831635258115336,
        "p50": 0.9443885099319371,
        "p95": 0.978123572592866
      },
      "sota": {
        "p5": 0.8650352954069713,
        "p50": 0.9502726969130675,
        "p95": 0.9882363851491972
      },
      "saturated": {
        "p5": 0.8823625424809192,
        "p50": 0.9579543821479932,
        "p95": 0.9894859951406356
      }
    },
    "oc3-ddos-qty-3": {
      "baseline": {
        "p5": 5182636.3942151535,
        "p50": 30877305.417095754,
        "p95": 76786209.82548593
      },
      "sota": {
        "p5": 6819659.859208422,
        "p50": 22966927.85535316,
        "p95": 73970548.60153277
      },
      "saturated": {
        "p5": 9085477.78025517,
        "p50": 23745681.69864189,
        "p95": 74707715.2534877
      }
    },
    "oc3-ddos-cont-2": {
      "baseline": {
        "p5": 0.9270139634849487,
        "p50": 0.963822097625407,
        "p95": 0.9853795580668043
      },
      "sota": {
        "p5": 0.9278819616277394,
        "p50": 0.9649701326967659,
        "p95": 0.986851273183285
      },
      "saturated": {
        "p5": 0.933883637600183,
        "p50": 0.9685820558903336,
        "p95": 0.9875973169319149
      }
    },
    "oc3-ddos-cont-4": {
      "baseline": {
        "p5": 0.39461443585721534,
        "p50": 0.6726036660842538,
        "p95": 0.8872085430329429
      },
      "sota": {
        "p5": 0.2987407165489454,
        "p50": 0.6628035198987998,
        "p95": 0.9211407709992144
      },
      "saturated": {
        "p5": 0.30805173222500787,
        "p50": 0.6742139865644826,
        "p95": 0.9255601205455061
      }
    },
    "oc3-ddos-cont-3b": {
      "baseline": {
        "p5": 0.13282984428232011,
        "p50": 0.26738709579720177,
        "p95": 0.43805875854948495
      },
      "sota": {
        "p5": 0.12160215382827026,
        "p50": 0.2949653462473993,
        "p95": 0.5168465240254937
      },
      "saturated": {
        "p5": 0.12736129175625804,
        "p50": 0.3541454799413401,
        "p95": 0.6169963443739291
      }
    },
    "oc3-ddos-qty-2": {
      "baseline": {
        "p5": 49.91322748868328,
        "p50": 162.5266388256896,
        "p95": 301.03342602820203
      },
      "sota": {
        "p5": 48.11159273066198,
        "p50": 167.38847328878802,
        "p95": 341.20006423149164
      },
      "saturated": {
        "p5": 47.970342885250936,
        "p50": 192.5347117859029,
        "p95": 377.0546674259123
      }
    },
    "oc3-ddos-cont-5b": {
      "baseline": {
        "p5": 0.4863748913657024,
        "p50": 0.7058500510345191,
        "p95": 0.8718330678178344
      },
      "sota": {
        "p5": 0.5694769384853147,
        "p50": 0.7043395419290835,
        "p95": 0.8009604381520753
      },
      "saturated": {
        "p5": 0.4902267547242941,
        "p50": 0.7349936634343097,
        "p95": 0.8880030338536085
      }
    }
  }
}