{
  "modelId": "OC3_Ransomware_SME_target_human",
  "nodes": {
    "OC3-ransomware-sme-cont-3": {
      "baseline": {
        "p5": 0.22269667380914038,
        "p50": 0.5758140097239808,
        "p95": 0.8617506159185737
      },
      "sota": {
        "p5": 0.39430351983359413,
        "p50": 0.6624834097047472,
        "p95": 0.8722041740392034
      },
      "saturated": {
        "p5": 0.3939568070603929,
        "p50": 0.7805248840543477,
        "p95": 0.9783213913919766
      }
    },
    "OC3-ransomware-sme-cont-4": {
      "baseline": {
        "p5": 0.16501811164434751,
        "p50": 0.516010225024905,
        "p95": 0.8731518392611488
      },
      "sota": {
        "p5": 0.3363476111506759,
        "p50": 0.5609086674707457,
        "p95": 0.8961801469645021
      },
      "saturated": {
        "p5": 0.34539966353921403,
        "p50": 0.6943505673518282,
        "p95": 0.9273310279587553
      }
    },
    "OC3-ransomware-sme-cont-5": {
      "baseline": {
        "p5": 0.25528125708296606,
        "p50": 0.6328161048774975,
        "p95": 0.911463894730912
      },
      "sota": {
        "p5": 0.4493202441443376,
        "p50": 0.7171705071793651,
        "p95": 0.9121749711539409
      },
      "saturated": {
        "p5": 0.4230237141507571,
        "p50": 0.7754503880145455,
        "p95": 0.9600126885377487
      }
    },
    "OC3-ransomware-sme-cont-7": {
      "baseline": {
        "p5": 0.4957027740976576,
        "p50": 0.6503547013165466,
        "p95": 0.7905901767369269
      },
      "sota": {
        "p5": 0.5213204879865773,
        "p50": 0.6584169875030563,
        "p95": 0.8588787865559688
      },
      "saturated": {
        "p5": 0.5897270830530453,
        "p50": 0.7607300658955349,
        "p95": 0.945553999168384
      }
    },
    "OC3-ransomware-sme-cont-11": {
      "baseline": {
        "p5": 0.6134192548238612,
        "p50": 0.7802538987980063,
        "p95": 0.9066959971906332
      },
      "sota": {
        "p5": 0.670316967806535,
        "p50": 0.85865847208189,
        "p95": 0.9700119646530354
      },
      "saturated": {
        "p5": 0.733691718300805,
        "p50": 0.8884232172847379,
        "p95": 0.9887823338064926
      }
    },
    "OC3-ransomware-sme-qty-1": {
      "baseline": {
        "p5": 2.4246688803344605,
        "p50": 16.330550854176984,
        "p95": 40.28481435983399
      },
      "sota": {
        "p5": 6.898462606830985,
        "p50": 18.400378789573708,
        "p95": 150.01561087299885
      },
      "saturated": {
        "p5": 9.143690072115469,
        "p50": 40.50814258896379,
        "p95": 363.04039549470184
      }
    },
    "OC3-ransomware-sme-qty-2": {
      "baseline": {
        "p5": 75.14631285370353,
        "p50": 247.85445093092758,
        "p95": 503.9964522801086
      },
      "sota": {
        "p5": 121.36359952129754,
        "p50": 267.7740889737951,
        "p95": 531.4153129210381
      },
      "saturated": {
        "p5": 150.61539068883707,
        "p50": 574.1506518063018,
        "p95": 2625.0342837870803
      }
    },
    "OC3-ransomware-sme-cont-12": {
      "baseline": {
        "p5": 0.1481836051230079,
        "p50": 0.31081251820230027,
        "p95": 0.49226333532769856
      },
      "sota": {
        "p5": 0.16359644613482885,
        "p50": 0.3260920575808278,
        "p95": 0.6784280310728871
      },
      "saturated": {
        "p5": 0.1283876113411804,
        "p50": 0.36319936135635517,
        "p95": 0.7030425017457957
      }
    },
    "OC3-ransomware-sme-cont-6": {
      "baseline": {
        "p5": 0.7301119891394432,
        "p50": 0.8239106372604179,
        "p95": 0.9001081244851489
      },
      "sota": {
        "p5": 0.7341312248596418,
        "p50": 0.8251417130779479,
        "p95": 0.9052164634788991
      },
      "saturated": {
        "p5": 0.7287754008309955,
        "p50": 0.82648587554835,
        "p95": 0.9016659233397218
      }
    },
    "OC3-ransomware-sme-cont-8": {
      "baseline": {
        "p5": 0.7582418019752564,
        "p50": 0.8791867685563932,
        "p95": 0.9558719060009592
      },
      "sota": {
        "p5": 0.7558750109626,
        "p50": 0.87859701590542,
        "p95": 0.956341486913209
      },
      "saturated": {
        "p5": 0.7509585778907362,
        "p50": 0.8804471081662919,
        "p95": 0.9559563985551942
      }
    },
    "OC3-ransomware-sme-cont-9": {
      "baseline": {
        "p5": 0.8027725354274465,
        "p50": 0.9156963016979052,
        "p95": 0.9699298767365498
      },
      "sota": {
        "p5": 0.8203693967007966,
        "p50": 0.913259679054869,
        "p95": 0.9717558947016959
      },
      "saturated": {
        "p5": 0.8202068975081677,
        "p50": 0.9115459959348995,
        "p95": 0.9701679514701101
      }
    },
    "OC3-ransomware-sme-cont-10": {
      "baseline": {
        "p5": 0.7190205863149808,
        "p50": 0.8778432799210932,
        "p95": 0.9658826048788881
      },
      "sota": {
        "p5": 0.7174629617862729,
        "p50": 0.8806861621604205,
        "p95": 0.9682018161745821
      },
      "saturated": {
        "p5": 0.7263429200334198,
        "p50": 0.8788785543285635,
        "p95": 0.9650516506677377
      }
    },
    "OC3-ransomware-sme-qty-5": {
      "baseline": {
        "p5": 6730816.693597657,
        "p50": 101121956.26862174,
        "p95": 788874879.6162757
      },
      "sota": {
        "p5": 47173887.3977394,
        "p50": 344157358.5717927,
        "p95": 3997503650.6111937
      },
      "saturated": {
        "p5": 245084322.17393035,
        "p50": 2147664714.8962374,
        "p95": 348814014034.0029
      }
    }
  }
}