{
  "modelId": "OC3_Ransomware_Large_enterprise_target_llm",
  "nodes": {
    "OC3-ransomware-large-cont-3": {
      "baseline": {
        "p5": 0.24752377775924342,
        "p50": 0.5893113366763523,
        "p95": 0.8769599308921074
      },
      "sota": {
        "p5": 0.18202536173284947,
        "p50": 0.5779534962502038,
        "p95": 0.9132772432238291
      },
      "saturated": {
        "p5": 0.182677966146794,
        "p50": 0.6212918046962137,
        "p95": 0.9268687609017794
      }
    },
    "OC3-ransomware-large-cont-4": {
      "baseline": {
        "p5": 0.14492050627060815,
        "p50": 0.5047025149939286,
        "p95": 0.866489697742097
      },
      "sota": {
        "p5": 0.11134098807628535,
        "p50": 0.5353714573625348,
        "p95": 0.9207411226117855
      },
      "saturated": {
        "p5": 0.1461687928098059,
        "p50": 0.579520008089021,
        "p95": 0.9101934090114704
      }
    },
    "OC3-ransomware-large-cont-5": {
      "baseline": {
        "p5": 0.2738763220451578,
        "p50": 0.6330359649115211,
        "p95": 0.9180068645317274
      },
      "sota": {
        "p5": 0.17458487242255336,
        "p50": 0.6356761249650495,
        "p95": 0.9426428019570513
      },
      "saturated": {
        "p5": 0.20779986472365244,
        "p50": 0.6409194020453923,
        "p95": 0.9430893383794089
      }
    },
    "OC3-ransomware-large-cont-11": {
      "baseline": {
        "p5": 0.5863240621383965,
        "p50": 0.7746128964925678,
        "p95": 0.8990633478034669
      },
      "sota": {
        "p5": 0.5440799004015933,
        "p50": 0.7977356334729184,
        "p95": 0.9421824013943862
      },
      "saturated": {
        "p5": 0.5461321818550415,
        "p50": 0.7694141428051063,
        "p95": 0.9322429370305979
      }
    },
    "OC3-ransomware-large-qty-2": {
      "baseline": {
        "p5": 14.671061283499215,
        "p50": 65.84099711139253,
        "p95": 145.82038389027943
      },
      "sota": {
        "p5": 18.479666619792273,
        "p50": 62.66573917546597,
        "p95": 159.73541466907042
      },
      "saturated": {
        "p5": 20.109589526397926,
        "p50": 82.6613718215556,
        "p95": 187.77707243356568
      }
    },
    "OC3-ransomware-large-qty-1": {
      "baseline": {
        "p5": 1.621843445977681,
        "p50": 11.844042196237782,
        "p95": 30.75879988525173
      },
      "sota": {
        "p5": 2.4390196373172675,
        "p50": 9.336226264400818,
        "p95": 44.21292681755382
      },
      "saturated": {
        "p5": 2.0624800733133477,
        "p50": 11.072490337683167,
        "p95": 37.99426907211211
      }
    },
    "OC3-ransomware-large-cont-1": {
      "baseline": {
        "p5": 1.0,
        "p50": 1.0,
        "p95": 1.0
      },
      "sota": {
        "p5": 1.0,
        "p50": 1.0,
        "p95": 1.0
      },
      "saturated": {
        "p5": 1.0,
        "p50": 1.0,
        "p95": 1.0
      }
    },
    "OC3-ransomware-large-cont-2": {
      "baseline": {
        "p5": 1.0,
        "p50": 1.0,
        "p95": 1.0
      },
      "sota": {
        "p5": 1.0,
        "p50": 1.0,
        "p95": 1.0
      },
      "saturated": {
        "p5": 1.0,
        "p50": 1.0,
        "p95": 1.0
      }
    },
    "OC3-ransomware-large-cont-6": {
      "baseline": {
        "p5": 0.7341251070996302,
        "p50": 0.9038304321429929,
        "p95": 0.9789921403094726
      },
      "sota": {
        "p5": 0.6660761914370817,
        "p50": 0.8558510232262952,
        "p95": 0.9582155215544589
      },
      "saturated": {
        "p5": 0.6560029483196171,
        "p50": 0.8544874219411076,
        "p95": 0.9653944362512811
      }
    },
    "OC3-ransomware-large-cont-7": {
      "baseline": {
        "p5": 0.13765444877239008,
        "p50": 0.4833058123043862,
        "p95": 0.8379405912120789
      },
      "sota": {
        "p5": 0.23562296720568696,
        "p50": 0.5473536562911464,
        "p95": 0.8284880615881098
      },
      "saturated": {
        "p5": 0.27330735327971406,
        "p50": 0.5567293739934054,
        "p95": 0.822611039231492
      }
    },
    "OC3-ransomware-large-cont-8": {
      "baseline": {
        "p5": 0.7570029685012438,
        "p50": 0.9189467829099984,
        "p95": 0.9829852028776014
      },
      "sota": {
        "p5": 0.782432917259702,
        "p50": 0.9218761864475384,
        "p95": 0.9840220880762366
      },
      "saturated": {
        "p5": 0.7801320336830518,
        "p50": 0.9198886431074336,
        "p95": 0.9855555335951774
      }
    },
    "OC3-ransomware-large-cont-9": {
      "baseline": {
        "p5": 0.8194400195654864,
        "p50": 0.9173175684682715,
        "p95": 0.971506608429211
      },
      "sota": {
        "p5": 0.8211239728212141,
        "p50": 0.9162606047425812,
        "p95": 0.9717652951417173
      },
      "saturated": {
        "p5": 0.8152000447708968,
        "p50": 0.9129766835827571,
        "p95": 0.9720514878846922
      }
    },
    "OC3-ransomware-large-cont-10": {
      "baseline": {
        "p5": 0.7377697162930965,
        "p50": 0.8820677587852497,
        "p95": 0.9685444225203622
      },
      "sota": {
        "p5": 0.7281204617916617,
        "p50": 0.8801997816006468,
        "p95": 0.9666949848619338
      },
      "saturated": {
        "p5": 0.7236422928721175,
        "p50": 0.878578749450905,
        "p95": 0.9635891551086032
      }
    },
    "OC3-ransomware-large-qty-5": {
      "baseline": {
        "p5": 1524476.3077455687,
        "p50": 35834055.51855713,
        "p95": 331781459.32527846
      },
      "sota": {
        "p5": 1876593.5558394485,
        "p50": 39385507.65277819,
        "p95": 493223474.0013184
      },
      "saturated": {
        "p5": 3614388.0176819274,
        "p50": 71311672.00568059,
        "p95": 673080483.0901146
      }
    }
  }
}