{
  "modelId": "OC3_Ransomware_SME_target_Web_vuln_llm",
  "nodes": {
    "OC3-ransomware-sme-webvuln-cont-2": {
      "baseline": {
        "p5": 1.0,
        "p50": 1.0,
        "p95": 1.0
      },
      "sota": {
        "p5": 1.0,
        "p50": 1.0,
        "p95": 1.0
      },
      "saturated": {
        "p5": 1.0,
        "p50": 1.0,
        "p95": 1.0
      }
    },
    "OC3-ransomware-sme-webvuln-cont-10": {
      "baseline": {
        "p5": 0.7056692735923608,
        "p50": 0.8248068322202462,
        "p95": 0.9130904106431015
      },
      "sota": {
        "p5": 0.7056692735923608,
        "p50": 0.8248068322202462,
        "p95": 0.9130904106431015
      },
      "saturated": {
        "p5": 0.7056692735923608,
        "p50": 0.8248068322202462,
        "p95": 0.9130904106431015
      }
    },
    "OC3-ransomware-sme-webvuln-cont-5": {
      "baseline": {
        "p5": 0.24674031374143793,
        "p50": 0.6255513720847131,
        "p95": 0.9130803341301262
      },
      "sota": {
        "p5": 0.17785182805301428,
        "p50": 0.6344906109185577,
        "p95": 0.9477204821776181
      },
      "saturated": {
        "p5": 0.24943002194332636,
        "p50": 0.7002635848913268,
        "p95": 0.9487943704967349
      }
    },
    "OC3-ransomware-sme-webvuln-cont-1": {
      "baseline": {
        "p5": 1.0,
        "p50": 1.0,
        "p95": 1.0
      },
      "sota": {
        "p5": 1.0,
        "p50": 1.0,
        "p95": 1.0
      },
      "saturated": {
        "p5": 1.0,
        "p50": 1.0,
        "p95": 1.0
      }
    },
    "OC3-ransomware-sme-webvuln-qty-2": {
      "baseline": {
        "p5": 72.84202343253385,
        "p50": 244.32175086264007,
        "p95": 497.14864328398676
      },
      "sota": {
        "p5": 68.22023256004148,
        "p50": 231.64573912132084,
        "p95": 592.7084645089128
      },
      "saturated": {
        "p5": 69.89796076306524,
        "p50": 316.33801613662445,
        "p95": 714.233035451555
      }
    },
    "OC3-ransomware-sme-webvuln-cont-9": {
      "baseline": {
        "p5": 0.798732540566058,
        "p50": 0.9038258143613023,
        "p95": 0.9668209582683893
      },
      "sota": {
        "p5": 0.798732540566058,
        "p50": 0.9038258143613023,
        "p95": 0.9668209582683893
      },
      "saturated": {
        "p5": 0.798732540566058,
        "p50": 0.9038258143613023,
        "p95": 0.9668209582683893
      }
    },
    "OC3-ransomware-sme-webvuln-cont-11": {
      "baseline": {
        "p5": 0.6023532402755869,
        "p50": 0.7766750481606042,
        "p95": 0.903549239856708
      },
      "sota": {
        "p5": 0.6023532402755869,
        "p50": 0.7766750481606042,
        "p95": 0.903549239856708
      },
      "saturated": {
        "p5": 0.6023532402755869,
        "p50": 0.7766750481606042,
        "p95": 0.903549239856708
      }
    },
    "OC3-ransomware-sme-webvuln-cont-4": {
      "baseline": {
        "p5": 0.16699116879938897,
        "p50": 0.5223619701224576,
        "p95": 0.8629939314679937
      },
      "sota": {
        "p5": 0.08849490813885982,
        "p50": 0.5276618676203578,
        "p95": 0.9242239061035384
      },
      "saturated": {
        "p5": 0.22554364698419532,
        "p50": 0.599201684332314,
        "p95": 0.8991129271610718
      }
    },
    "OC3-ransomware-sme-webvuln-cont-6": {
      "baseline": {
        "p5": 0.7136251671561851,
        "p50": 0.8044764767342973,
        "p95": 0.880487818945031
      },
      "sota": {
        "p5": 0.7136251671561851,
        "p50": 0.8044764767342973,
        "p95": 0.880487818945031
      },
      "saturated": {
        "p5": 0.7136251671561851,
        "p50": 0.8044764767342973,
        "p95": 0.880487818945031
      }
    },
    "OC3-ransomware-sme-webvuln-cont-8": {
      "baseline": {
        "p5": 0.7499236049874566,
        "p50": 0.8768221711777808,
        "p95": 0.9548211274487947
      },
      "sota": {
        "p5": 0.7499236049874566,
        "p50": 0.8768221711777808,
        "p95": 0.9548211274487947
      },
      "saturated": {
        "p5": 0.7499236049874566,
        "p50": 0.8768221711777808,
        "p95": 0.9548211274487947
      }
    },
    "OC3-ransomware-sme-webvuln-cont-3": {
      "baseline": {
        "p5": 0.24211599484545998,
        "p50": 0.5813942868934754,
        "p95": 0.8683306172691904
      },
      "sota": {
        "p5": 0.17343160302427205,
        "p50": 0.6051277273720258,
        "p95": 0.932972105460996
      },
      "saturated": {
        "p5": 0.2492337261043552,
        "p50": 0.6448411213934926,
        "p95": 0.9193731559431896
      }
    },
    "OC3-ransomware-sme-webvuln-cont-7": {
      "baseline": {
        "p5": 0.49113577647958667,
        "p50": 0.6543899117181629,
        "p95": 0.7926531916509141
      },
      "sota": {
        "p5": 0.45675273817088924,
        "p50": 0.6855833543477488,
        "p95": 0.867516598652199
      },
      "saturated": {
        "p5": 0.45952625714867484,
        "p50": 0.7039023759164104,
        "p95": 0.8868664969467995
      }
    },
    "OC3-ransomware-sme-webvuln-qty-1": {
      "baseline": {
        "p5": 2.5325609843978634,
        "p50": 17.25496095863396,
        "p95": 40.164267038544516
      },
      "sota": {
        "p5": 3.363956514098041,
        "p50": 22.618078236275572,
        "p95": 56.986328754614476
      },
      "saturated": {
        "p5": 4.760119690602158,
        "p50": 22.90322530778774,
        "p95": 63.686384406247114
      }
    },
    "OC3-ransomware-sme-webvuln-qty-5": {
      "baseline": {
        "p5": 8261310.25362802,
        "p50": 122325819.69330236,
        "p95": 862627790.4611322
      },
      "sota": {
        "p5": 6031204.73599504,
        "p50": 130448076.60461347,
        "p95": 1346356620.8847158
      },
      "saturated": {
        "p5": 22633523.33530896,
        "p50": 312265312.9940754,
        "p95": 2153073220.047135
      }
    }
  }
}