{
  "modelId": "OC3_Ransomware_SME_target_human",
  "nodes": {
    "OC3-ransomware-sme-cont-7": {
      "baseline": {
        "p5": 0.496396684076094,
        "p50": 0.6541095064892175,
        "p95": 0.7924878533729628
      },
      "sota": {
        "p5": 0.524322412644919,
        "p50": 0.6620075630356101,
        "p95": 0.8488664034893698
      },
      "saturated": {
        "p5": 0.6135247501064002,
        "p50": 0.762090748452589,
        "p95": 0.9331001652392887
      }
    },
    "OC3-ransomware-sme-cont-5": {
      "baseline": {
        "p5": 0.25976952837149153,
        "p50": 0.6344173523443,
        "p95": 0.9171224101521885
      },
      "sota": {
        "p5": 0.446488593864755,
        "p50": 0.7175667128308676,
        "p95": 0.892294439255553
      },
      "saturated": {
        "p5": 0.40414609814766717,
        "p50": 0.7735048117341041,
        "p95": 0.9339802528316262
      }
    },
    "OC3-ransomware-sme-qty-4": {
      "baseline": {
        "p5": 250337.62693541223,
        "p50": 767939.6273876976,
        "p95": 1491054.3933773441
      },
      "sota": {
        "p5": 356419.65259499726,
        "p50": 659254.466601996,
        "p95": 1140796.2867863644
      },
      "saturated": {
        "p5": 422736.2081634837,
        "p50": 824006.5022134994,
        "p95": 2290834.376240801
      }
    },
    "OC3-ransomware-sme-qty-1": {
      "baseline": {
        "p5": 2.4546669171313753,
        "p50": 16.958295003667146,
        "p95": 40.00836369413438
      },
      "sota": {
        "p5": 6.357642568364908,
        "p50": 18.429121499989428,
        "p95": 162.29941647991188
      },
      "saturated": {
        "p5": 8.867907393604943,
        "p50": 36.60309964016733,
        "p95": 369.8492656921509
      }
    },
    "OC3-ransomware-sme-cont-11": {
      "baseline": {
        "p5": 0.5988168126769012,
        "p50": 0.7763149733950359,
        "p95": 0.9025857895314073
      },
      "sota": {
        "p5": 0.6514098004894566,
        "p50": 0.8183515290034374,
        "p95": 0.9404691001159974
      },
      "saturated": {
        "p5": 0.7213788534298029,
        "p50": 0.8831503018238285,
        "p95": 0.9810851062702093
      }
    },
    "OC3-ransomware-sme-cont-4": {
      "baseline": {
        "p5": 0.16837716014544543,
        "p50": 0.5228991904023594,
        "p95": 0.857983819779431
      },
      "sota": {
        "p5": 0.33402458846188227,
        "p50": 0.5640269677641487,
        "p95": 0.8797769768959287
      },
      "saturated": {
        "p5": 0.37072440749974084,
        "p50": 0.7235679047434516,
        "p95": 0.9164398444659481
      }
    },
    "OC3-ransomware-sme-qty-5": {
      "baseline": {
        "p5": 6800724.921165514,
        "p50": 100365719.68280154,
        "p95": 739135690.0915534
      },
      "sota": {
        "p5": 38032248.71015005,
        "p50": 316580491.928255,
        "p95": 3958188356.6364527
      },
      "saturated": {
        "p5": 217109567.11606792,
        "p50": 2095273762.078349,
        "p95": 290122641811.51355
      }
    },
    "OC3-ransomware-sme-cont-12": {
      "baseline": {
        "p5": 0.1568798816703906,
        "p50": 0.3111887805731415,
        "p95": 0.5006171538468615
      },
      "sota": {
        "p5": 0.15056491429331673,
        "p50": 0.32499156553685526,
        "p95": 0.6865500673581364
      },
      "saturated": {
        "p5": 0.13578761182846513,
        "p50": 0.36634764728879243,
        "p95": 0.6888617841573017
      }
    },
    "OC3-ransomware-sme-cont-3": {
      "baseline": {
        "p5": 0.23907631326299308,
        "p50": 0.5809101303699091,
        "p95": 0.8755015537701912
      },
      "sota": {
        "p5": 0.4068504050887412,
        "p50": 0.6749667879706052,
        "p95": 0.8597350607718998
      },
      "saturated": {
        "p5": 0.44555214947344857,
        "p50": 0.8023126949221966,
        "p95": 0.9797936145937056
      }
    },
    "OC3-ransomware-sme-qty-3": {
      "baseline": {
        "p5": 50226.52670421623,
        "p50": 199861.63587706696,
        "p95": 400837.6402600954
      },
      "sota": {
        "p5": 154944.5000090909,
        "p50": 558529.8058997679,
        "p95": 881802.7134282807
      },
      "saturated": {
        "p5": 285412.6034112678,
        "p50": 675993.0987658584,
        "p95": 1650152.2903726215
      }
    },
    "OC3-ransomware-sme-cont-9": {
      "baseline": {
        "p5": 0.7952058890122251,
        "p50": 0.9042260350505922,
        "p95": 0.9671722961174704
      },
      "sota": {
        "p5": 0.7952058890122251,
        "p50": 0.9042260350505922,
        "p95": 0.9671722961174704
      },
      "saturated": {
        "p5": 0.7952058890122251,
        "p50": 0.9042260350505922,
        "p95": 0.9671722961174704
      }
    },
    "OC3-ransomware-sme-cont-8": {
      "baseline": {
        "p5": 0.750130549692192,
        "p50": 0.876774771551225,
        "p95": 0.9557120129778847
      },
      "sota": {
        "p5": 0.750130549692192,
        "p50": 0.876774771551225,
        "p95": 0.9557120129778847
      },
      "saturated": {
        "p5": 0.750130549692192,
        "p50": 0.876774771551225,
        "p95": 0.9557120129778847
      }
    },
    "OC3-ransomware-sme-cont-6": {
      "baseline": {
        "p5": 0.7271775873043532,
        "p50": 0.8254661690930347,
        "p95": 0.901441836852241
      },
      "sota": {
        "p5": 0.7271775873043532,
        "p50": 0.8254661690930347,
        "p95": 0.901441836852241
      },
      "saturated": {
        "p5": 0.7271775873043532,
        "p50": 0.8254661690930347,
        "p95": 0.901441836852241
      }
    },
    "OC3-ransomware-sme-qty-2": {
      "baseline": {
        "p5": 74.58811869477276,
        "p50": 244.03417691611776,
        "p95": 500.71472744399216
      },
      "sota": {
        "p5": 115.1793711888585,
        "p50": 264.1418257665814,
        "p95": 544.090984687706
      },
      "saturated": {
        "p5": 157.64850317168353,
        "p50": 553.3985493789853,
        "p95": 2511.317244722893
      }
    },
    "OC3-ransomware-sme-cont-10": {
      "baseline": {
        "p5": 0.7028921527238347,
        "p50": 0.8240798963554954,
        "p95": 0.9106297472903392
      },
      "sota": {
        "p5": 0.7028921527238347,
        "p50": 0.8240798963554954,
        "p95": 0.9106297472903392
      },
      "saturated": {
        "p5": 0.7028921527238347,
        "p50": 0.8240798963554954,
        "p95": 0.9106297472903392
      }
    },
    "OC3-ransomware-sme-cont-1": {
      "baseline": {
        "p5": 1.0,
        "p50": 1.0,
        "p95": 1.0
      },
      "sota": {
        "p5": 1.0,
        "p50": 1.0,
        "p95": 1.0
      },
      "saturated": {
        "p5": 1.0,
        "p50": 1.0,
        "p95": 1.0
      }
    },
    "OC3-ransomware-sme-cont-2": {
      "baseline": {
        "p5": 1.0,
        "p50": 1.0,
        "p95": 1.0
      },
      "sota": {
        "p5": 1.0,
        "p50": 1.0,
        "p95": 1.0
      },
      "saturated": {
        "p5": 1.0,
        "p50": 1.0,
        "p95": 1.0
      }
    }
  }
}