{
  "modelId": "OC4_Infrastructure_small_Disruption_llm",
  "nodes": {
    "OC4-infra-small-cont-3c": {
      "baseline": {
        "p5": 0.12394497728216901,
        "p50": 0.2875316439986554,
        "p95": 0.504456145591103
      },
      "sota": {
        "p5": 0.1101273122396679,
        "p50": 0.31198083971224977,
        "p95": 0.6107469351697269
      },
      "saturated": {
        "p5": 0.10588349368059764,
        "p50": 0.3804782059300793,
        "p95": 0.6835279699003678
      }
    },
    "OC4-infra-small-cont-3b": {
      "baseline": {
        "p5": 0.17551006797407326,
        "p50": 0.42818042987213484,
        "p95": 0.6998614808633844
      },
      "sota": {
        "p5": 0.1665308508037212,
        "p50": 0.43601161109041087,
        "p95": 0.7558695720864473
      },
      "saturated": {
        "p5": 0.14551073188212,
        "p50": 0.4676610175835925,
        "p95": 0.8167343253066572
      }
    },
    "OC4-infra-small-cont-6c": {
      "baseline": {
        "p5": 0.3162693548649562,
        "p50": 0.46358105372300207,
        "p95": 0.6230145190801226
      },
      "sota": {
        "p5": 0.24287445440829855,
        "p50": 0.48480392639505654,
        "p95": 0.7129864661368887
      },
      "saturated": {
        "p5": 0.3143368722964234,
        "p50": 0.5322746015867681,
        "p95": 0.7601997499776819
      }
    },
    "OC4-infra-small-cont-12c": {
      "baseline": {
        "p5": 0.020880632657939147,
        "p50": 0.10666021392376801,
        "p95": 0.26843753100146606
      },
      "sota": {
        "p5": 0.05176253368093761,
        "p50": 0.17108081930630575,
        "p95": 0.37955887130428273
      },
      "saturated": {
        "p5": 0.06116210222414959,
        "p50": 0.20795213481318625,
        "p95": 0.4197192301787845
      }
    },
    "OC4-infra-small-qty-2": {
      "baseline": {
        "p5": 1.310752893141575,
        "p50": 5.421478982765667,
        "p95": 10.028410959901384
      },
      "sota": {
        "p5": 1.7203294342178006,
        "p50": 5.441236423103954,
        "p95": 11.115507854399546
      },
      "saturated": {
        "p5": 1.414048073811336,
        "p50": 7.051546459149628,
        "p95": 15.629514898321428
      }
    },
    "OC4-infra-small-qty-1": {
      "baseline": {
        "p5": 14.673059794281402,
        "p50": 44.04057628269272,
        "p95": 79.559616294321
      },
      "sota": {
        "p5": 11.275488088124948,
        "p50": 49.75024491059219,
        "p95": 94.77391835398552
      },
      "saturated": {
        "p5": 10.245546133054527,
        "p50": 50.41115510413401,
        "p95": 99.94982042189662
      }
    },
    "OC4-infra-small-qty-3": {
      "baseline": {
        "p5": 19963868.361026336,
        "p50": 37523227.711976364,
        "p95": 55023935.981390916
      },
      "sota": {
        "p5": 16652094.470350048,
        "p50": 36520333.67040356,
        "p95": 58135759.48267494
      },
      "saturated": {
        "p5": 21096425.59532098,
        "p50": 40111621.4992298,
        "p95": 65371023.200299025
      }
    },
    "OC4-infra-small-cont-1": {
      "baseline": {
        "p5": 0.9131719922002643,
        "p50": 0.9709368564729374,
        "p95": 0.9954653003669578
      },
      "sota": {
        "p5": 0.9119329458741984,
        "p50": 0.9708838274224701,
        "p95": 0.9949195447173321
      },
      "saturated": {
        "p5": 0.9103155568378642,
        "p50": 0.9713957493471336,
        "p95": 0.9955727147841216
      }
    },
    "OC4-infra-small-cont-2": {
      "baseline": {
        "p5": 0.8635324180151095,
        "p50": 0.9579132684427337,
        "p95": 0.9940978733212816
      },
      "sota": {
        "p5": 0.8619962890552998,
        "p50": 0.9594641816517546,
        "p95": 0.9951269876929542
      },
      "saturated": {
        "p5": 0.8652898512705415,
        "p50": 0.9602214490764029,
        "p95": 0.9949369631863398
      }
    },
    "OC4-infra-small-cont-3a": {
      "baseline": {
        "p5": 0.12564097865817533,
        "p50": 0.5068712465440235,
        "p95": 0.8402910714359324
      },
      "sota": {
        "p5": 0.22406808778254172,
        "p50": 0.5201571310019611,
        "p95": 0.813618380423471
      },
      "saturated": {
        "p5": 0.2364880098173722,
        "p50": 0.5453673724420024,
        "p95": 0.823059322864094
      }
    },
    "OC4-infra-small-cont-3": {
      "baseline": {
        "p5": 0.5829504820376109,
        "p50": 0.815073062300103,
        "p95": 0.9491414476035632
      },
      "sota": {
        "p5": 0.6220334575487053,
        "p50": 0.8432428778076422,
        "p95": 0.9548423314668534
      },
      "saturated": {
        "p5": 0.6582601913481283,
        "p50": 0.8681023342993393,
        "p95": 0.9707595833865363
      }
    },
    "OC4-infra-small-cont-4": {
      "baseline": {
        "p5": 0.7564312947830314,
        "p50": 0.8779077790201555,
        "p95": 0.9579398148690457
      },
      "sota": {
        "p5": 0.7423311848365332,
        "p50": 0.87619041467484,
        "p95": 0.9542943539724467
      },
      "saturated": {
        "p5": 0.7502694122040425,
        "p50": 0.8782264820790207,
        "p95": 0.9539051485130294
      }
    },
    "OC4-infra-small-cont-5": {
      "baseline": {
        "p5": 0.727834862081434,
        "p50": 0.899478432908175,
        "p95": 0.9825198269736523
      },
      "sota": {
        "p5": 0.7287528350675322,
        "p50": 0.8971128545981913,
        "p95": 0.9791449600971265
      },
      "saturated": {
        "p5": 0.7082134828864669,
        "p50": 0.8999847542537898,
        "p95": 0.9813564198142705
      }
    },
    "OC4-infra-small-cont-6a": {
      "baseline": {
        "p5": 0.15257085902987377,
        "p50": 0.3086246408852381,
        "p95": 0.4984520022469126
      },
      "sota": {
        "p5": 0.14276000954441048,
        "p50": 0.35545734437576093,
        "p95": 0.6404450499958738
      },
      "saturated": {
        "p5": 0.15278721809714219,
        "p50": 0.41419361082444317,
        "p95": 0.7077712068391839
      }
    },
    "OC4-infra-small-cont-6b": {
      "baseline": {
        "p5": 0.24210541592254914,
        "p50": 0.40556659219775715,
        "p95": 0.5964152512701864
      },
      "sota": {
        "p5": 0.21455006787410563,
        "p50": 0.4750663372975114,
        "p95": 0.7399570393334022
      },
      "saturated": {
        "p5": 0.2512679243325202,
        "p50": 0.5091465675002977,
        "p95": 0.7741093936796053
      }
    },
    "OC4-infra-small-cont-6": {
      "baseline": {
        "p5": 0.18901314083927342,
        "p50": 0.38424867979529653,
        "p95": 0.5876078759417052
      },
      "sota": {
        "p5": 0.17802404416343717,
        "p50": 0.42279964066471093,
        "p95": 0.7023632998623536
      },
      "saturated": {
        "p5": 0.2062677646297863,
        "p50": 0.47449804277025875,
        "p95": 0.7450245579643208
      }
    },
    "OC4-infra-small-cont-7": {
      "baseline": {
        "p5": 0.4465558867368744,
        "p50": 0.6831600688689988,
        "p95": 0.8876873444511049
      },
      "sota": {
        "p5": 0.35543619358721873,
        "p50": 0.6829037348505922,
        "p95": 0.9064224043223151
      },
      "saturated": {
        "p5": 0.38898114063805783,
        "p50": 0.7124801354823989,
        "p95": 0.9312427604538642
      }
    },
    "OC4-infra-small-cont-8": {
      "baseline": {
        "p5": 0.721232246195114,
        "p50": 0.8975405923336601,
        "p95": 0.9797236355318045
      },
      "sota": {
        "p5": 0.735462475583621,
        "p50": 0.9010185417238864,
        "p95": 0.9773452749847462
      },
      "saturated": {
        "p5": 0.7344706914689034,
        "p50": 0.8943689046013781,
        "p95": 0.97746317143433
      }
    },
    "OC4-infra-small-cont-9": {
      "baseline": {
        "p5": 0.48404997791945187,
        "p50": 0.7060247742210597,