{
  "modelId": "OC4_Infrastructure_small_Disruption_llm",
  "nodes": {
    "OC4-infra-small-qty-4": {
      "baseline": {
        "p5": 22798985.475827713,
        "p50": 164838499.49099022,
        "p95": 772143435.4827188
      },
      "sota": {
        "p5": 22578344.993012987,
        "p50": 226709415.8241874,
        "p95": 1186490153.0491428
      },
      "saturated": {
        "p5": 40902587.654315025,
        "p50": 451148918.13653684,
        "p95": 2584365653.242807
      }
    },
    "OC4-infra-small-cont-3": {
      "baseline": {
        "p5": 0.6548769190942791,
        "p50": 0.8122281078789838,
        "p95": 0.9185322662446667
      },
      "sota": {
        "p5": 0.6263006948271566,
        "p50": 0.837831988802836,
        "p95": 0.9562204033598668
      },
      "saturated": {
        "p5": 0.6559318732912058,
        "p50": 0.8658629730104785,
        "p95": 0.9707577409463287
      }
    },
    "OC4-infra-small-cont-12b": {
      "baseline": {
        "p5": 0.06950423672465916,
        "p50": 0.2206167988458602,
        "p95": 0.4559234576976495
      },
      "sota": {
        "p5": 0.09446638233957284,
        "p50": 0.29393718837019495,
        "p95": 0.6499685280408398
      },
      "saturated": {
        "p5": 0.09323929607838108,
        "p50": 0.3773564146875243,
        "p95": 0.7501523550182987
      }
    },
    "OC4-infra-small-cont-6b": {
      "baseline": {
        "p5": 0.2435628571567945,
        "p50": 0.4154797457761158,
        "p95": 0.5987527359038103
      },
      "sota": {
        "p5": 0.2180602175637418,
        "p50": 0.4772716357241161,
        "p95": 0.7324894487375639
      },
      "saturated": {
        "p5": 0.24069717763437595,
        "p50": 0.5137105388682806,
        "p95": 0.7692247972240047
      }
    },
    "OC4-infra-small-cont-4": {
      "baseline": {
        "p5": 0.750130549692192,
        "p50": 0.876774771551225,
        "p95": 0.9557120129778847
      },
      "sota": {
        "p5": 0.750130549692192,
        "p50": 0.876774771551225,
        "p95": 0.9557120129778847
      },
      "saturated": {
        "p5": 0.750130549692192,
        "p50": 0.876774771551225,
        "p95": 0.9557120129778847
      }
    },
    "OC4-infra-small-cont-6c": {
      "baseline": {
        "p5": 0.3205215460381386,
        "p50": 0.4660910107480176,
        "p95": 0.619395901422271
      },
      "sota": {
        "p5": 0.2608324385519263,
        "p50": 0.4868838676602786,
        "p95": 0.7161065205203988
      },
      "saturated": {
        "p5": 0.3015197882668048,
        "p50": 0.5344382691653622,
        "p95": 0.7538735420450867
      }
    },
    "OC4-infra-small-qty-3": {
      "baseline": {
        "p5": 19172449.157083273,
        "p50": 37256269.44678218,
        "p95": 56616163.61180249
      },
      "sota": {
        "p5": 16190575.024216348,
        "p50": 36126417.28391716,
        "p95": 58192494.36561113
      },
      "saturated": {
        "p5": 20425037.95659202,
        "p50": 40318659.52817428,
        "p95": 63066452.094472624
      }
    },
    "OC4-infra-small-qty-2": {
      "baseline": {
        "p5": 1.3002274636217475,
        "p50": 5.367213172467064,
        "p95": 10.071314165556732
      },
      "sota": {
        "p5": 1.7053654841040176,
        "p50": 5.4622677207230055,
        "p95": 11.33990781149926
      },
      "saturated": {
        "p5": 1.4996811653424207,
        "p50": 7.407915010979316,
        "p95": 15.537986394214226
      }
    },
    "OC4-infra-small-cont-12c": {
      "baseline": {
        "p5": 0.0612517674391068,
        "p50": 0.15876007515097956,
        "p95": 0.30770180165281136
      },
      "sota": {
        "p5": 0.05346886174244728,
        "p50": 0.18002443223169157,
        "p95": 0.40253891629953825
      },
      "saturated": {
        "p5": 0.06780211449089481,
        "p50": 0.21291097184447333,
        "p95": 0.4448724256713745
      }
    },
    "OC4-infra-small-cont-8": {
      "baseline": {
        "p5": 0.6979305234117972,
        "p50": 0.8417461876774279,
        "p95": 0.9365678370795367
      },
      "sota": {
        "p5": 0.6979305234117972,
        "p50": 0.8417461876774279,
        "p95": 0.9365678370795367
      },
      "saturated": {
        "p5": 0.6979305234117972,
        "p50": 0.8417461876774279,
        "p95": 0.9365678370795367
      }
    },
    "OC4-infra-small-cont-12d": {
      "baseline": {
        "p5": 0.03603586776444296,
        "p50": 0.11496383545311491,
        "p95": 0.2513347036307172
      },
      "sota": {
        "p5": 0.045025415445730174,
        "p50": 0.15845423945736625,
        "p95": 0.38280542812901563
      },
      "saturated": {
        "p5": 0.04398619751323657,
        "p50": 0.18465244997724423,
        "p95": 0.5139063463325629
      }
    },
    "OC4-infra-small-cont-3b": {
      "baseline": {
        "p5": 0.19021048545025776,
        "p50": 0.4280011578387659,
        "p95": 0.6978350134659251
      },
      "sota": {
        "p5": 0.14932053066874096,
        "p50": 0.42883409068025624,
        "p95": 0.7651021778505271
      },
      "saturated": {
        "p5": 0.14434465846772834,
        "p50": 0.46536161218431327,
        "p95": 0.8131316349143279
      }
    },
    "OC4-infra-small-cont-12": {
      "baseline": {
        "p5": 0.3757461717362266,
        "p50": 0.5478076951954951,
        "p95": 0.7161234566290362
      },
      "sota": {
        "p5": 0.4533957566564382,
        "p50": 0.6580695744861009,
        "p95": 0.8482644853111647
      },
      "saturated": {
        "p5": 0.501310971952378,
        "p50": 0.7400575861139848,
        "p95": 0.9119039264212145
      }
    },
    "OC4-infra-small-cont-1": {
      "baseline": {
        "p5": 0.9009499507571531,
        "p50": 0.9644428212467804,
        "p95": 0.9927576399975981
      },
      "sota": {
        "p5": 0.9009499507571531,
        "p50": 0.9644428212467804,
        "p95": 0.9927576399975981
      },
      "saturated": {
        "p5": 0.9009499507571531,
        "p50": 0.9644428212467804,
        "p95": 0.9927576399975981
      }
    },
    "OC4-infra-small-cont-9": {
      "baseline": {
        "p5": 0.4880360168450696,
        "p50": 0.7045161920005982,
        "p95": 0.8706614142144636
      },
      "sota": {
        "p5": 0.45005771088982094,
        "p50": 0.7027308027625909,
        "p95": 0.8871617572291087
      },
      "saturated": {
        "p5": 0.4335122964853618,
        "p50": 0.7225801399243519,
        "p95": 0.9175284396882097
      }
    },
    "OC4-infra-small-cont-3c": {
      "baseline": {
        "p5": 0.12776616106736463,
        "p50": 0.29402144824102266,
        "p95": 0.5107151189787797
      },
      "sota": {
        "p5": 0.10853610586598024,
        "p50": 0.31896085996562196,
        "p95": 0.6150797242737964
      },
      "saturated": {
        "p5": 0.11291185478400854,
        "p50": 0.3637793897514444,
        "p95": 0.6890519234600624
      }
    },
    "OC4-infra-small-cont-5": {
      "baseline": {
        "p5": 0.6971649499799087,
        "p50": 0.8401796755382961,
        "p95": 0.9366250835061819
      },
      "sota": {
        "p5": 0.6971649499799087,
        "p50": 0.8401796755382961,
        "p95": 0.9366250835061819
      },
      "saturated": {
        "p5": 0.6971649499799087,
        "p50": 0.8401796755382961,
        "p95": 0.9366250835061819
      }
    },
    "OC4-infra-small-cont-12a": {
      "baseline": {
        "p5": 0.05884063493162868,
        "p50": 0.17322068638237728,
        "p95": 0.3538493597637325
      },
      "sota": {
        "p5": 0.06217447080646908,
        "p50": 0.20046170925067608,
        "p95": 0.4568408410368263
      },
      "saturated": {
        "p5": 0.06543015251648769,
        "p50": 0.23111917504646248,
        "p95": 0.5103886197281337
      }
    },
    "OC4-infra-small-cont-6": {
      "baseline": {
        "p5": 0.1765947905434024,
        "p50": 0.37666547602651645,