{
  "modelId": "OC4_Infrastructure_large_Disruption_llm",
  "nodes": {
    "OC4-infra-large-qty-4": {
      "baseline": {
        "p5": 33432359.436090276,
        "p50": 304176506.3184562,
        "p95": 1652181795.1631534
      },
      "sota": {
        "p5": 23389285.06426536,
        "p50": 357635841.30301315,
        "p95": 2565639665.8033447
      },
      "saturated": {
        "p5": 41987930.40999929,
        "p50": 726470114.4735515,
        "p95": 5179573221.147655
      }
    },
    "OC4-infra-large-cont-3": {
      "baseline": {
        "p5": 0.5353073854047361,
        "p50": 0.7332189991369904,
        "p95": 0.8814801656491882
      },
      "sota": {
        "p5": 0.5338146307308049,
        "p50": 0.7946348196174058,
        "p95": 0.9545621762853184
      },
      "saturated": {
        "p5": 0.5647864365518601,
        "p50": 0.8154237558492883,
        "p95": 0.9551115397686627
      }
    },
    "OC4-infra-large-cont-6b": {
      "baseline": {
        "p5": 0.22907520281020427,
        "p50": 0.5107368587944973,
        "p95": 0.7863201842989793
      },
      "sota": {
        "p5": 0.1796454182792916,
        "p50": 0.5626053346267961,
        "p95": 0.8730507967328434
      },
      "saturated": {
        "p5": 0.22658560579762746,
        "p50": 0.6095389424523765,
        "p95": 0.8864304109460709
      }
    },
    "OC4-infra-large-cont-4": {
      "baseline": {
        "p5": 0.7507951904991246,
        "p50": 0.8379645191099093,
        "p95": 0.9043713369194372
      },
      "sota": {
        "p5": 0.7088936403492873,
        "p50": 0.8102787826711029,
        "p95": 0.9076303926637365
      },
      "saturated": {
        "p5": 0.7237250091151716,
        "p50": 0.8321862723489519,
        "p95": 0.910845726217939
      }
    },
    "OC4-infra-large-cont-6c": {
      "baseline": {
        "p5": 0.35127533361707514,
        "p50": 0.6236943033701825,
        "p95": 0.8509239151648339
      },
      "sota": {
        "p5": 0.2721650023806286,
        "p50": 0.6165091108881685,
        "p95": 0.8973921009908994
      },
      "saturated": {
        "p5": 0.3154657719993911,
        "p50": 0.6638601902492779,
        "p95": 0.9098221704856785
      }
    },
    "OC4-infra-large-qty-3": {
      "baseline": {
        "p5": 55292760.82844185,
        "p50": 126555479.30730182,
        "p95": 181986356.00049302
      },
      "sota": {
        "p5": 55235543.58595205,
        "p50": 183719861.693886,
        "p95": 219053028.1148307
      },
      "saturated": {
        "p5": 45247247.725710236,
        "p50": 170261766.64355677,
        "p95": 282780132.1582565
      }
    },
    "OC4-infra-large-qty-2": {
      "baseline": {
        "p5": 1.0178457306380748,
        "p50": 3.7880359757561672,
        "p95": 7.987905904293374
      },
      "sota": {
        "p5": 0.8090954570120727,
        "p50": 3.645858683661998,
        "p95": 8.961221006519036
      },
      "saturated": {
        "p5": 1.0961215802074111,
        "p50": 4.441799706264702,
        "p95": 9.893068513953324
      }
    },
    "OC4-infra-large-cont-11c": {
      "baseline": {
        "p5": 0.30107863107859856,
        "p50": 0.502036359545077,
        "p95": 0.6984761305549788
      },
      "sota": {
        "p5": 0.23641198386354234,
        "p50": 0.5167055653676875,
        "p95": 0.7907792005312008
      },
      "saturated": {
        "p5": 0.2432659684578129,
        "p50": 0.5334031083622429,
        "p95": 0.8170425314667896
      }
    },
    "OC4-infra-large-cont-8": {
      "baseline": {
        "p5": 0.6539114816038567,
        "p50": 0.8266263573504119,
        "p95": 0.9400057066081593
      },
      "sota": {
        "p5": 0.6539114816038567,
        "p50": 0.8266263573504119,
        "p95": 0.9400057066081593
      },
      "saturated": {
        "p5": 0.6539114816038567,
        "p50": 0.8266263573504119,
        "p95": 0.9400057066081593
      }
    },
    "OC4-infra-large-cont-11b": {
      "baseline": {
        "p5": 0.38297801936779496,
        "p50": 0.6749095321237668,
        "p95": 0.8831449779805812
      },
      "sota": {
        "p5": 0.3229355345288753,
        "p50": 0.669575242425972,
        "p95": 0.9187850218896431
      },
      "saturated": {
        "p5": 0.3429119668676796,
        "p50": 0.7091946489241944,
        "p95": 0.9356327258752372
      }
    },
    "OC4-infra-large-cont-3b": {
      "baseline": {
        "p5": 0.13707580017410836,
        "p50": 0.3452239501494808,
        "p95": 0.6089244595502982
      },
      "sota": {
        "p5": 0.09770985474725559,
        "p50": 0.3931799035510904,
        "p95": 0.7746416899315544
      },
      "saturated": {
        "p5": 0.11054568238613696,
        "p50": 0.399514642205801,
        "p95": 0.7637329910046736
      }
    },
    "OC4-infra-large-cont-9b": {
      "baseline": {
        "p5": 0.39598842023731207,
        "p50": 0.6409370076567866,
        "p95": 0.8403341075801426
      },
      "sota": {
        "p5": 0.4572821180784898,
        "p50": 0.6665464771976005,
        "p95": 0.8376591731739722
      },
      "saturated": {
        "p5": 0.46993843679183644,
        "p50": 0.6954336450803716,
        "p95": 0.8406318762949259
      }
    },
    "OC4-infra-large-cont-9a": {
      "baseline": {
        "p5": 0.3625600789811782,
        "p50": 0.6107869482596928,
        "p95": 0.8236331717944525
      },
      "sota": {
        "p5": 0.26268525667826254,
        "p50": 0.6171129332650815,
        "p95": 0.8914291133381352
      },
      "saturated": {
        "p5": 0.2694092745128702,
        "p50": 0.6313572087993383,
        "p95": 0.9082996388694126
      }
    },
    "OC4-infra-large-cont-11": {
      "baseline": {
        "p5": 0.8908869664905706,
        "p50": 0.9655273039851996,
        "p95": 0.9931862697764217
      },
      "sota": {
        "p5": 0.8665131204148778,
        "p50": 0.9683615459564937,
        "p95": 0.9962721151204718
      },
      "saturated": {
        "p5": 0.8790990131003737,
        "p50": 0.9754813873307276,
        "p95": 0.9976138929302242
      }
    },
    "OC4-infra-large-cont-1": {
      "baseline": {
        "p5": 0.8486830351885133,
        "p50": 0.9369452241820706,
        "p95": 0.9828723094040661
      },
      "sota": {
        "p5": 0.8486830351885133,
        "p50": 0.9369452241820706,
        "p95": 0.9828723094040661
      },
      "saturated": {
        "p5": 0.8486830351885133,
        "p50": 0.9369452241820706,
        "p95": 0.9828723094040661
      }
    },
    "OC4-infra-large-cont-3c": {
      "baseline": {
        "p5": 0.07619126815570494,
        "p50": 0.20809588306263788,
        "p95": 0.40764711362263506
      },
      "sota": {
        "p5": 0.061650768790456625,
        "p50": 0.25028952481024597,
        "p95": 0.5454485976122809
      },
      "saturated": {
        "p5": 0.07101337784038862,
        "p50": 0.27759989120684486,
        "p95": 0.5783712164480591
      }
    },
    "OC4-infra-large-cont-5": {
      "baseline": {
        "p5": 0.6518723034340042,
        "p50": 0.8113433238127241,
        "p95": 0.9216686860231632
      },
      "sota": {
        "p5": 0.6518723034340042,
        "p50": 0.8113433238127241,
        "p95": 0.9216686860231632
      },
      "saturated": {
        "p5": 0.6518723034340042,
        "p50": 0.8113433238127241,
        "p95": 0.9216686860231632
      }
    },
    "OC4-infra-large-cont-11a": {
      "baseline": {
        "p5": 0.5020337745223333,
        "p50": 0.7619675823339623,
        "p95": 0.9312273109222728
      },
      "sota": {
        "p5": 0.4228505492886176,
        "p50": 0.7558865333707068,
        "p95": 0.9499054075448494
      },
      "saturated": {
        "p5": 0.4342163295420615,
        "p50": 0.7737074585366354,
        "p95": 0.9604470950702487
      }
    },
    "OC4-infra-large-cont-6": {
      "baseline": {
        "p5": 0.1950791662183331,
        "p50": 0.4812410780988806,