{
  "modelId": "OC4_Infrastructure_large_Disruption_llm",
  "nodes": {
    "OC4-infra-large-cont-3c": {
      "baseline": {
        "p5": 0.07979061396981933,
        "p50": 0.20861566298516948,
        "p95": 0.40483888324872175
      },
      "sota": {
        "p5": 0.055552784236466105,
        "p50": 0.24888664670162183,
        "p95": 0.5680216934314214
      },
      "saturated": {
        "p5": 0.07282650965007201,
        "p50": 0.28236791230155944,
        "p95": 0.5711497445843619
      }
    },
    "OC4-infra-large-cont-3b": {
      "baseline": {
        "p5": 0.13437064752318156,
        "p50": 0.33854453788639033,
        "p95": 0.6209967793065656
      },
      "sota": {
        "p5": 0.09130609848021819,
        "p50": 0.3999811691302514,
        "p95": 0.7864530661355011
      },
      "saturated": {
        "p5": 0.1050011897871062,
        "p50": 0.3831566226165266,
        "p95": 0.765781191073276
      }
    },
    "OC4-infra-large-cont-6c": {
      "baseline": {
        "p5": 0.35933741871827574,
        "p50": 0.6255036997429455,
        "p95": 0.8527621482201291
      },
      "sota": {
        "p5": 0.2597443455230189,
        "p50": 0.6219205002475596,
        "p95": 0.8894675360545233
      },
      "saturated": {
        "p5": 0.3293609692123476,
        "p50": 0.6665672194105783,
        "p95": 0.9030402391006848
      }
    },
    "OC4-infra-large-cont-11c": {
      "baseline": {
        "p5": 0.16150087566434723,
        "p50": 0.5070840546667252,
        "p95": 0.8537721073802251
      },
      "sota": {
        "p5": 0.24032190203438025,
        "p50": 0.5074738726500871,
        "p95": 0.7870427016945004
      },
      "saturated": {
        "p5": 0.2419000490775167,
        "p50": 0.5296536795540143,
        "p95": 0.8238311579203567
      }
    },
    "OC4-infra-large-qty-2": {
      "baseline": {
        "p5": 0.9442873949512065,
        "p50": 3.712988937398319,
        "p95": 8.072651685146509
      },
      "sota": {
        "p5": 0.8448233514694174,
        "p50": 3.744905857208935,
        "p95": 9.00712051590991
      },
      "saturated": {
        "p5": 1.0704541236304066,
        "p50": 4.39551739172159,
        "p95": 10.298949672679734
      }
    },
    "OC4-infra-large-qty-1": {
      "baseline": {
        "p5": 9.997156419628299,
        "p50": 32.97797980748223,
        "p95": 60.068140203817755
      },
      "sota": {
        "p5": 7.967720078519533,
        "p50": 32.21172882422166,
        "p95": 61.710825371748456
      },
      "saturated": {
        "p5": 8.826086067375522,
        "p50": 40.129362350535374,
        "p95": 78.33996725134696
      }
    },
    "OC4-infra-large-qty-3": {
      "baseline": {
        "p5": 56540691.5085025,
        "p50": 126350994.4038504,
        "p95": 181560480.14345327
      },
      "sota": {
        "p5": 57591048.580277294,
        "p50": 185760760.0055705,
        "p95": 217755168.82101905
      },
      "saturated": {
        "p5": 45225732.42089524,
        "p50": 171325353.53168362,
        "p95": 283713225.91487294
      }
    },
    "OC4-infra-large-cont-1": {
      "baseline": {
        "p5": 0.8613884854010652,
        "p50": 0.9450798550348511,
        "p95": 0.9863475492791344
      },
      "sota": {
        "p5": 0.8626772492051104,
        "p50": 0.9450185018312471,
        "p95": 0.9872489022364709
      },
      "saturated": {
        "p5": 0.861566944363837,
        "p50": 0.9475482056839024,
        "p95": 0.9889291961512248
      }
    },
    "OC4-infra-large-cont-2": {
      "baseline": {
        "p5": 0.8150546626709356,
        "p50": 0.9355184779109145,
        "p95": 0.9892322038452052
      },
      "sota": {
        "p5": 0.8253534617453684,
        "p50": 0.939348333024984,
        "p95": 0.9887690089092466
      },
      "saturated": {
        "p5": 0.8165167655064277,
        "p50": 0.9365783825087899,
        "p95": 0.9899464426292305
      }
    },
    "OC4-infra-large-cont-3a": {
      "baseline": {
        "p5": 0.2016373487337947,
        "p50": 0.4492419630325377,
        "p95": 0.702186750503437
      },
      "sota": {
        "p5": 0.13245487551098883,
        "p50": 0.47365071071110526,
        "p95": 0.8330142419216813
      },
      "saturated": {
        "p5": 0.16886401347732477,
        "p50": 0.491308789963425,
        "p95": 0.8046215745684576
      }
    },
    "OC4-infra-large-cont-3": {
      "baseline": {
        "p5": 0.5274330308062104,
        "p50": 0.7254352072196618,
        "p95": 0.8817334187743373
      },
      "sota": {
        "p5": 0.5298180254949525,
        "p50": 0.79132759532974,
        "p95": 0.9533636315860371
      },
      "saturated": {
        "p5": 0.5544491780387573,
        "p50": 0.8101518421664002,
        "p95": 0.952695785937876
      }
    },
    "OC4-infra-large-cont-4": {
      "baseline": {
        "p5": 0.7312967369527491,
        "p50": 0.8371317027626648,
        "p95": 0.9119882863909675
      },
      "sota": {
        "p5": 0.7097646080541422,
        "p50": 0.8076218549419758,
        "p95": 0.9053347180241105
      },
      "saturated": {
        "p5": 0.720062109165497,
        "p50": 0.8295727049884015,
        "p95": 0.9124791630472071
      }
    },
    "OC4-infra-large-cont-5": {
      "baseline": {
        "p5": 0.658463091118907,
        "p50": 0.8136960683654151,
        "p95": 0.9212566458708961
      },
      "sota": {
        "p5": 0.6608549430853957,
        "p50": 0.8120552608891727,
        "p95": 0.9214049416587029
      },
      "saturated": {
        "p5": 0.6483442550034241,
        "p50": 0.8180504465304829,
        "p95": 0.9226736413497187
      }
    },
    "OC4-infra-large-cont-6a": {
      "baseline": {
        "p5": 0.1216058094299482,
        "p50": 0.3603365303951006,
        "p95": 0.6481032967908151
      },
      "sota": {
        "p5": 0.11436480465428345,
        "p50": 0.3538103685691913,
        "p95": 0.7096524114408456
      },
      "saturated": {
        "p5": 0.09546848201623735,
        "p50": 0.4126662194753975,
        "p95": 0.851406151059655
      }
    },
    "OC4-infra-large-cont-6b": {
      "baseline": {
        "p5": 0.22746135834148434,
        "p50": 0.5100944318228606,
        "p95": 0.7843058531534695
      },
      "sota": {
        "p5": 0.17987482460187382,
        "p50": 0.5562651800542554,
        "p95": 0.8741251908295639
      },
      "saturated": {
        "p5": 0.2202135999075631,
        "p50": 0.6089865056042651,
        "p95": 0.8713781883856472
      }
    },
    "OC4-infra-large-cont-6": {
      "baseline": {
        "p5": 0.17580175519876498,
        "p50": 0.4802164209434542,
        "p95": 0.7697718067998341
      },
      "sota": {
        "p5": 0.14526510769933038,
        "p50": 0.48839399115729876,
        "p95": 0.8675456763820464
      },
      "saturated": {
        "p5": 0.1502408243580653,
        "p50": 0.541498493464144,
        "p95": 0.8783452484464853
      }
    },
    "OC4-infra-large-cont-7": {
      "baseline": {
        "p5": 0.35130170213362016,
        "p50": 0.6659343359199973,
        "p95": 0.8995253875128443
      },
      "sota": {
        "p5": 0.25345089946641075,
        "p50": 0.657657571171905,
        "p95": 0.9353024448168086
      },
      "saturated": {
        "p5": 0.2644135821468111,
        "p50": 0.695119034742589,
        "p95": 0.9451666031710755
      }
    },
    "OC4-infra-large-cont-8": {
      "baseline": {
        "p5": 0.6527469277044409,
        "p50": 0.83048366128997,
        "p95": 0.9484267178465783
      },
      "sota": {
        "p5": 0.6529045756192633,
        "p50": 0.8262435986300464,
        "p95": 0.9393106922266193
      },
      "saturated": {
        "p5": 0.6445058405329799,
        "p50": 0.8261694659231329,
        "p95": 0.9409115789412114
      }
    },
    "OC4-infra-large-cont-10": {
      "baseline": {
        "p5": 0.5972567737308064,
        "p50": 0.7754972014381658,
        "p95": 0.9019654100046902
      },