{
  "modelId": "OC5_Espionage_Polymorphic_llm",
  "nodes": {
    "OC5-espionage-cont-4": {
      "baseline": {
        "p5": 0.8229022773178352,
        "p50": 0.937619608786888,
        "p95": 0.9896100678321833
      },
      "sota": {
        "p5": 0.7717183877354861,
        "p50": 0.9205748259927908,
        "p95": 0.9818929943911573
      },
      "saturated": {
        "p5": 0.7796876871737125,
        "p50": 0.8655850100349278,
        "p95": 0.9343484047484198
      }
    },
    "OC5-espionage-cont-5": {
      "baseline": {
        "p5": 0.7718190124851625,
        "p50": 0.9170337415904017,
        "p95": 0.981243611258631
      },
      "sota": {
        "p5": 0.7092758913024185,
        "p50": 0.8665969733329353,
        "p95": 0.9680927844604625
      },
      "saturated": {
        "p5": 0.6801893747114935,
        "p50": 0.8343224925189319,
        "p95": 0.9297194248975469
      }
    },
    "OC5-espionage-cont-11": {
      "baseline": {
        "p5": 0.6083532650241273,
        "p50": 0.7769159559620544,
        "p95": 0.907154002369879
      },
      "sota": {
        "p5": 0.5435054464964411,
        "p50": 0.7940140270999564,
        "p95": 0.9477328403475372
      },
      "saturated": {
        "p5": 0.5325190301951044,
        "p50": 0.8022234976763024,
        "p95": 0.939852588408624
      }
    },
    "OC5-espionage-qty-2": {
      "baseline": {
        "p5": 0.9889810008444867,
        "p50": 3.6767710206367665,
        "p95": 7.028491147700466
      },
      "sota": {
        "p5": 1.065100672679325,
        "p50": 3.24001844740856,
        "p95": 5.8247012553761355
      },
      "saturated": {
        "p5": 1.5703501218845506,
        "p50": 4.168319588086089,
        "p95": 7.551401951523185
      }
    },
    "OC5-espionage-qty-1": {
      "baseline": {
        "p5": 2.884206398961776,
        "p50": 5.2420240829151545,
        "p95": 7.957411381380376
      },
      "sota": {
        "p5": 2.6255655354415364,
        "p50": 5.126694238455816,
        "p95": 8.09398665391308
      },
      "saturated": {
        "p5": 2.678441264574599,
        "p50": 5.787514026809139,
        "p95": 9.092780785054135
      }
    },
    "OC5-espionage-cont-7": {
      "baseline": {
        "p5": 0.770623223517936,
        "p50": 0.9123065845811129,
        "p95": 0.9787827024556518
      },
      "sota": {
        "p5": 0.7057760821092072,
        "p50": 0.8386586305466192,
        "p95": 0.946693976581937
      },
      "saturated": {
        "p5": 0.6977278934118987,
        "p50": 0.8473077798580007,
        "p95": 0.9456408216189301
      }
    },
    "OC5-espionage-cont-9": {
      "baseline": {
        "p5": 0.916538578136345,
        "p50": 0.9732117159042714,
        "p95": 0.9964215132051165
      },
      "sota": {
        "p5": 0.8786499409257204,
        "p50": 0.9559848553227444,
        "p95": 0.9937719343481607
      },
      "saturated": {
        "p5": 0.8841272866963086,
        "p50": 0.9563982906811892,
        "p95": 0.9936633291455033
      }
    },
    "OC5-espionage-cont-8": {
      "baseline": {
        "p5": 0.7726497883179183,
        "p50": 0.9149335317002616,
        "p95": 0.9813471234260086
      },
      "sota": {
        "p5": 0.6867232473852972,
        "p50": 0.8351443451969628,
        "p95": 0.9459564029394734
      },
      "saturated": {
        "p5": 0.7175158636105153,
        "p50": 0.8528856979755591,
        "p95": 0.9552169319640601
      }
    },
    "OC5-espionage-cont-1": {
      "baseline": {
        "p5": 0.9055464671064869,
        "p50": 0.9721158771182338,
        "p95": 0.9955377819919164
      },
      "sota": {
        "p5": 0.8913902325269079,
        "p50": 0.9599686208497143,
        "p95": 0.9943410482652852
      },
      "saturated": {
        "p5": 0.8868080752363117,
        "p50": 0.95887612348763,
        "p95": 0.9928010247142716
      }
    },
    "OC5-espionage-cont-2": {
      "baseline": {
        "p5": 0.8614009253856303,
        "p50": 0.9563464482832242,
        "p95": 0.9938490197660104
      },
      "sota": {
        "p5": 0.8307739825613838,
        "p50": 0.9102727392062442,
        "p95": 0.9700723442205126
      },
      "saturated": {
        "p5": 0.8220059839160281,
        "p50": 0.912974028163068,
        "p95": 0.9716665520559472
      }
    },
    "OC5-espionage-tech-ia-1": {
      "baseline": {
        "p5": 0.39748136609486934,
        "p50": 0.5863311765461998,
        "p95": 0.7522227374059361
      },
      "sota": {
        "p5": 0.29280815543735195,
        "p50": 0.5845842351683931,
        "p95": 0.831784476879762
      },
      "saturated": {
        "p5": 0.32260945706523586,
        "p50": 0.6198906647692386,
        "p95": 0.8227443336064749
      }
    },
    "OC5-espionage-tech-ia-3": {
      "baseline": {
        "p5": 0.5041814079025262,
        "p50": 0.6497647126992947,
        "p95": 0.7813758474747606
      },
      "sota": {
        "p5": 0.4230524676171888,
        "p50": 0.6590701788338627,
        "p95": 0.8572860191217314
      },
      "saturated": {
        "p5": 0.4332799456797267,
        "p50": 0.6664399115314457,
        "p95": 0.8585625137008337
      }
    },
    "OC5-espionage-tech-ia-2": {
      "baseline": {
        "p5": 0.13785003694357068,
        "p50": 0.5070481830886759,
        "p95": 0.8637095639905598
      },
      "sota": {
        "p5": 0.3478627718397585,
        "p50": 0.4962127158878703,
        "p95": 0.6719999263107002
      },
      "saturated": {
        "p5": 0.37145269971571626,
        "p50": 0.5540442278091879,
        "p95": 0.7231020725859191
      }
    },
    "OC5-espionage-cont-3": {
      "baseline": {
        "p5": 0.8427161967717149,
        "p50": 0.9372171585657361,
        "p95": 0.9839882542280936
      },
      "sota": {
        "p5": 0.8403956244583295,
        "p50": 0.9361637844681853,
        "p95": 0.9800486663672364
      },
      "saturated": {
        "p5": 0.8661264622567716,
        "p50": 0.9478571046803728,
        "p95": 0.9839237953720759
      }
    },
    "OC5-espionage-tech-pe-3": {
      "baseline": {
        "p5": 0.5101363460548701,
        "p50": 0.6543009893686063,
        "p95": 0.7904539945005299
      },
      "sota": {
        "p5": 0.4341414940408206,
        "p50": 0.640495274309204,
        "p95": 0.8169574905382258
      },
      "saturated": {
        "p5": 0.45044550177640413,
        "p50": 0.674712227848542,
        "p95": 0.8645396697883789
      }
    },
    "OC5-espionage-tech-pe-1": {
      "baseline": {
        "p5": 0.6030634104026213,
        "p50": 0.7615886268662684,
        "p95": 0.87887301176487
      },
      "sota": {
        "p5": 0.5399322638987515,
        "p50": 0.7530439390314636,
        "p95": 0.9075889937613247
      },
      "saturated": {
        "p5": 0.5345327093902327,
        "p50": 0.7565339114743703,
        "p95": 0.9168179549888497
      }
    },
    "OC5-espionage-tech-pe-2": {
      "baseline": {
        "p5": 0.4946122423940343,
        "p50": 0.6179978853545691,
        "p95": 0.7282940022261437
      },
      "sota": {
        "p5": 0.4530087429883641,
        "p50": 0.6346493903365585,
        "p95": 0.7994998389250402
      },
      "saturated": {
        "p5": 0.4711430572637894,
        "p50": 0.6553186945832443,
        "p95": 0.8136135893161491
      }
    },
    "OC5-espionage-cont-6": {
      "baseline": {
        "p5": 0.5122795231906762,
        "p50": 0.6784757322394748,
        "p95": 0.8508546062436473
      },
      "sota": {
        "p5": 0.46558840795404477,
        "p50": 0.6659958946826289,
        "p95": 0.8627161648899995
      },
      "saturated": {
        "p5": 0.4759029528183402,
        "p50": 0.6838025485102335,
        "p95": 0.8858687579921293
      }
    },
    "OC5-espionage-tech-c2-2": {
      "baseline": {
        "p5": 0.7470496401975588,
        "p50": 0.8798353998870734,
        "p95": 0.9563899196532337
      },
      "sota": {
        "p5": 0.6952082499323372,