{
  "modelId": "OC5_Espionage_Polymorphic_llm",
  "nodes": {
    "OC5-espionage-qty-4": {
      "baseline": {
        "p5": 341471040.05728185,
        "p50": 1430471539.864761,
        "p95": 3985890492.2869434
      },
      "sota": {
        "p5": 241905749.90883714,
        "p50": 1037609002.3367509,
        "p95": 2980488349.370859
      },
      "saturated": {
        "p5": 492167001.0724154,
        "p50": 2104892189.0287151,
        "p95": 6217067770.969303
      }
    },
    "OC5-espionage-tech-ia-2": {
      "baseline": {
        "p5": 0.3993606160629658,
        "p50": 0.49890894500812955,
        "p95": 0.60110005664518
      },
      "sota": {
        "p5": 0.350353754873577,
        "p50": 0.4960761556106225,
        "p95": 0.6708416612263707
      },
      "saturated": {
        "p5": 0.3667037969769628,
        "p50": 0.5470998565197001,
        "p95": 0.7177949819486074
      }
    },
    "OC5-espionage-cont-1": {
      "baseline": {
        "p5": 0.8973373896363384,
        "p50": 0.9499623762113821,
        "p95": 0.9799502706425736
      },
      "sota": {
        "p5": 0.8856948148732937,
        "p50": 0.9489539157943043,
        "p95": 0.984499663198037
      },
      "saturated": {
        "p5": 0.8797592758872631,
        "p50": 0.9504766621663898,
        "p95": 0.9868504477571902
      }
    },
    "OC5-espionage-cont-3": {
      "baseline": {
        "p5": 0.8736061861947296,
        "p50": 0.9304123445827446,
        "p95": 0.9668874475913997
      },
      "sota": {
        "p5": 0.8477020123905847,
        "p50": 0.936805229363664,
        "p95": 0.9821182765205546
      },
      "saturated": {
        "p5": 0.8671689576134931,
        "p50": 0.9466716802728418,
        "p95": 0.9847456369640141
      }
    },
    "OC5-espionage-cont-5": {
      "baseline": {
        "p5": 0.7361302292753326,
        "p50": 0.8336878750713977,
        "p95": 0.9101676731669311
      },
      "sota": {
        "p5": 0.714443376709955,
        "p50": 0.8274915083339072,
        "p95": 0.9167852248959877
      },
      "saturated": {
        "p5": 0.6908370303378224,
        "p50": 0.8324329724302723,
        "p95": 0.9319999726953746
      }
    },
    "OC5-espionage-qty-2": {
      "baseline": {
        "p5": 1.0155472923239093,
        "p50": 3.7111994575719547,
        "p95": 6.961794536553634
      },
      "sota": {
        "p5": 0.9909569413180331,
        "p50": 3.2983750079420937,
        "p95": 5.765203119143648
      },
      "saturated": {
        "p5": 1.499803108165449,
        "p50": 4.264403968122497,
        "p95": 7.851401119075457
      }
    },
    "OC5-espionage-cont-11": {
      "baseline": {
        "p5": 0.5985659735784165,
        "p50": 0.775243442517929,
        "p95": 0.9021884771898643
      },
      "sota": {
        "p5": 0.5379336132780557,
        "p50": 0.7959258280123713,
        "p95": 0.9349357761380488
      },
      "saturated": {
        "p5": 0.5260038756267669,
        "p50": 0.7933406398631624,
        "p95": 0.9439865820949596
      }
    },
    "OC5-espionage-cont-2": {
      "baseline": {
        "p5": 0.8460295920016648,
        "p50": 0.902056522902722,
        "p95": 0.943790196981047
      },
      "sota": {
        "p5": 0.8279077314153477,
        "p50": 0.8996123736346845,
        "p95": 0.9516031620154727
      },
      "saturated": {
        "p5": 0.8197981200615411,
        "p50": 0.9076322401361865,
        "p95": 0.9624479217419837
      }
    },
    "OC5-espionage-tech-pe-1": {
      "baseline": {
        "p5": 0.5923827437448562,
        "p50": 0.756680856907096,
        "p95": 0.8783488149859967
      },
      "sota": {
        "p5": 0.5298318381369083,
        "p50": 0.7445640610350956,
        "p95": 0.9005464179543962
      },
      "saturated": {
        "p5": 0.5298999374368146,
        "p50": 0.7624337941413729,
        "p95": 0.9209971008487068
      }
    },
    "OC5-espionage-tech-pe-2": {
      "baseline": {
        "p5": 0.48948761626619214,
        "p50": 0.618296368018892,
        "p95": 0.73705686627863
      },
      "sota": {
        "p5": 0.4484303787662293,
        "p50": 0.6288401058666704,
        "p95": 0.7927598179077439
      },
      "saturated": {
        "p5": 0.4702666886778334,
        "p50": 0.6476909531209065,
        "p95": 0.8078545417138185
      }
    },
    "OC5-espionage-cont-4": {
      "baseline": {
        "p5": 0.7989130531727101,
        "p50": 0.8509597162937574,
        "p95": 0.8957219006413686
      },
      "sota": {
        "p5": 0.7911186840267931,
        "p50": 0.84383403134593,
        "p95": 0.8911870892509736
      },
      "saturated": {
        "p5": 0.7732636772598422,
        "p50": 0.8604369155442539,
        "p95": 0.925177208098792
      }
    },
    "OC5-espionage-tech-c2-3": {
      "baseline": {
        "p5": 0.6349683390717098,
        "p50": 0.7842288677650672,
        "p95": 0.8979335405423033
      },
      "sota": {
        "p5": 0.5994831850648371,
        "p50": 0.7713664474310978,
        "p95": 0.9138835642217923
      },
      "saturated": {
        "p5": 0.6162690493209168,
        "p50": 0.7890370716588584,
        "p95": 0.9251183931434435
      }
    },
    "OC5-espionage-cont-7": {
      "baseline": {
        "p5": 0.7344033126042344,
        "p50": 0.8354191561902653,
        "p95": 0.9092199497724626
      },
      "sota": {
        "p5": 0.7036773060968396,
        "p50": 0.8295380926677521,
        "p95": 0.9284300440131643
      },
      "saturated": {
        "p5": 0.7080170527419345,
        "p50": 0.8459840466752095,
        "p95": 0.9384397253108431
      }
    },
    "OC5-espionage-tech-ia-3": {
      "baseline": {
        "p5": 0.49745911613989574,
        "p50": 0.652239998880439,
        "p95": 0.7911565507075378
      },
      "sota": {
        "p5": 0.41310857884162466,
        "p50": 0.6638386284259638,
        "p95": 0.8623520227304393
      },
      "saturated": {
        "p5": 0.43875982629172133,
        "p50": 0.6720241286346886,
        "p95": 0.861272882501803
      }
    },
    "OC5-espionage-cont-8": {
      "baseline": {
        "p5": 0.7352877529239801,
        "p50": 0.8353549549514782,
        "p95": 0.9099743796865339
      },
      "sota": {
        "p5": 0.6979585606702006,
        "p50": 0.8232993645112497,
        "p95": 0.9223562191782315
      },
      "saturated": {
        "p5": 0.7217807094883119,
        "p50": 0.8393537710473155,
        "p95": 0.926000327109104
      }
    },
    "OC5-espionage-qty-3": {
      "baseline": {
        "p5": 338352404.0791698,
        "p50": 535585663.4342368,
        "p95": 671605476.6339939
      },
      "sota": {
        "p5": 291365261.65267575,
        "p50": 487292447.3844925,
        "p95": 624111605.883251
      },
      "saturated": {
        "p5": 359682059.8208163,
        "p50": 599446315.7051656,
        "p95": 808717503.440296
      }
    },
    "OC5-espionage-cont-6": {
      "baseline": {
        "p5": 0.519089044544073,
        "p50": 0.6931287679890062,
        "p95": 0.8513228644967996
      },
      "sota": {
        "p5": 0.4571634477749326,
        "p50": 0.6845143735742938,
        "p95": 0.8786748861152134
      },
      "saturated": {
        "p5": 0.46131304017139335,
        "p50": 0.7115471124826055,
        "p95": 0.9037444113061639
      }
    },
    "OC5-espionage-cont-9": {
      "baseline": {
        "p5": 0.8979166947662997,
        "p50": 0.9239229814625465,
        "p95": 0.9460469808973728
      },
      "sota": {
        "p5": 0.8882601371245846,
        "p50": 0.9263365847272129,
        "p95": 0.9592603350416525
      },
      "saturated": {
        "p5": 0.8893830769442398,
        "p50": 0.9285006563959228,
        "p95": 0.9584275456130497
      }
    },
    "OC5-espionage-tech-c2-2": {
      "baseline": {
        "p5": 0.753323336900847,
        "p50": 0.879305211335635,
        "p95": 0.9555200732197723
      },
      "sota": {
        "p5": 0.6839289815531999,