{
  "modelId": "RM1",
  "nodes": {
    "RM1-cont-1": {
      "baseline": {
        "p5": 0.608647816595439,
        "p50": 0.8048257179240517,
        "p95": 0.9949546870787759
      },
      "sota": {
        "p5": 0.6685212460955081,
        "p50": 0.8314483541477694,
        "p95": 0.9917133192204955
      },
      "saturated": {
        "p5": 0.8317968378322427,
        "p50": 1.0407061893583263,
        "p95": 1.2316851668224988
      }
    },
    "RM1-cont-2": {
      "baseline": {
        "p5": 0.4106834230103319,
        "p50": 0.6718959367812171,
        "p95": 0.9147682376250381
      },
      "sota": {
        "p5": 0.4875260893952761,
        "p50": 0.7209559528038482,
        "p95": 0.9330815014349378
      },
      "saturated": {
        "p5": 0.6031252628140121,
        "p50": 0.8978976559072155,
        "p95": 1.177332951577836
      }
    },
    "RM1-cont-3": {
      "baseline": {
        "p5": 0.14846086281514842,
        "p50": 0.42876724314745623,
        "p95": 0.7185643276367689
      },
      "sota": {
        "p5": 0.2115741069780096,
        "p50": 0.4889060353048374,
        "p95": 0.7735844644484455
      },
      "saturated": {
        "p5": 0.26314038132967305,
        "p50": 0.6098561190285406,
        "p95": 0.9659034974057069
      }
    },
    "RM1-cont-4": {
      "baseline": {
        "p5": 0.26864946123016153,
        "p50": 0.5755043888422025,
        "p95": 0.8679831835541743
      },
      "sota": {
        "p5": 0.3503672392611641,
        "p50": 0.6206365874971941,
        "p95": 0.8787015575102624
      },
      "saturated": {
        "p5": 0.43579584404849225,
        "p50": 0.7764709641914534,
        "p95": 1.1090582574355294
      }
    },
    "RM1-cont-5": {
      "baseline": {
        "p5": 0.029576774250738402,
        "p50": 0.3168919180957863,
        "p95": 0.6369188247520559
      },
      "sota": {
        "p5": 0.09784965264423184,
        "p50": 0.38794950429863967,
        "p95": 0.6883992863615707
      },
      "saturated": {
        "p5": 0.12511160923689726,
        "p50": 0.4812603480397631,
        "p95": 0.8594223295878743
      }
    },
    "RM1-cont-6": {
      "baseline": {
        "p5": 0.06778742045721436,
        "p50": 0.3457657207777168,
        "p95": 0.6152990683678243
      },
      "sota": {
        "p5": 0.11082663164866347,
        "p50": 0.3818395071572659,
        "p95": 0.6745575059377293
      },
      "saturated": {
        "p5": 0.1396425706750485,
        "p50": 0.47435870796303115,
        "p95": 0.8346855093017908
      }
    },
    "RM1-cont-7": {
      "baseline": {
        "p5": 0.34790325974543646,
        "p50": 0.6212272471127335,
        "p95": 0.9026687057147047
      },
      "sota": {
        "p5": 0.4342467095971503,
        "p50": 0.6813699304543236,
        "p95": 0.9220861061615372
      },
      "saturated": {
        "p5": 0.5405999437918494,
        "p50": 0.8523799771431488,
        "p95": 1.1544142339695842
      }
    },
    "RM1-cont-8": {
      "baseline": {
        "p5": 0.14657063951202082,
        "p50": 0.42876724314745623,
        "p95": 0.716614385542334
      },
      "sota": {
        "p5": 0.19466261756677,
        "p50": 0.48523177067723794,
        "p95": 0.7817789299865296
      },
      "saturated": {
        "p5": 0.23868996320091695,
        "p50": 0.6057590863799789,
        "p95": 0.9800569082532016
      }
    },
    "RM1-cont-9": {
      "baseline": {
        "p5": 0.010448738291852444,
        "p50": 0.2922286241975126,
        "p95": 0.5626661833247062
      },
      "sota": {
        "p5": 0.05993974069955271,
        "p50": 0.3336403922213312,
        "p95": 0.5908199354439971
      },
      "saturated": {
        "p5": 0.0748963348936776,
        "p50": 0.4161024781835962,
        "p95": 0.7449732325734111
      }
    },
    "RM1-qty-1": {
      "baseline": {
        "p5": 21.67224163557661,
        "p50": 47.87340421676632,
        "p95": 112.03497404016653
      },
      "sota": {
        "p5": 27.56559032722509,
        "p50": 63.1383094052952,
        "p95": 143.2365177719089
      },
      "saturated": {
        "p5": 34.47483299030722,
        "p50": 78.96637967076683,
        "p95": 178.00313170157187
      }
    },
    "RM1-qty-2": {
      "baseline": {
        "p5": 2.5190527598411743,
        "p50": 5.1179278998097395,
        "p95": 10.562703818232773
      },
      "sota": {
        "p5": 3.1602453908145236,
        "p50": 6.021910409364811,
        "p95": 12.720649928795517
      },
      "saturated": {
        "p5": 3.9483630618610563,
        "p50": 7.521535591213469,
        "p95": 15.914169281997115
      }
    },
    "RM1-qty-3": {
      "baseline": {
        "p5": 1355031.9695888953,
        "p50": 5007255.615267191,
        "p95": 18748045.065863553
      },
      "sota": {
        "p5": 1295825.9701281188,
        "p50": 5293937.500581337,
        "p95": 19574190.19739355
      },
      "saturated": {
        "p5": 1632226.0145475199,
        "p50": 6623794.533275786,
        "p95": 24400790.468343444
      }
    },
    "RM1-qty-4": {
      "baseline": {
        "p5": 0.001,
        "p50": 0.1321436538703534,
        "p95": 0.29378571211074356
      },
      "sota": {
        "p5": 0.001,
        "p50": 0.15788788445566293,
        "p95": 0.3353909269454607
      },
      "saturated": {
        "p5": 0.0012786692537255521,
        "p50": 0.19753658580331385,
        "p95": 0.4171726217807231
      }
    },
    "RM1-qty-5": {
      "baseline": {
        "p5": 18154927.783495482,
        "p50": 97195780.88671431,
        "p95": 491585987.0540661
      },
      "sota": {
        "p5": 25212716.815065518,
        "p50": 125657091.0408327,
        "p95": 655737929.469367
      },
      "saturated": {
        "p5": 31756104.161742337,
        "p50": 158267462.38592836,
        "p95": 821287437.4306525
      }
    },
    "RM1-tech-ia-1": {
      "baseline": {
        "p5": 0.1495458698046931,
        "p50": 0.4233951495885256,
        "p95": 0.7128344884489031
      },
      "sota": {
        "p5": 0.2061012944270358,
        "p50": 0.48948206293981633,
        "p95": 0.7819058329975148
      },
      "saturated": {
        "p5": 0.2614348787266451,
        "p50": 0.6025434430710128,
        "p95": 0.9865168373988306
      }
    },
    "RM1-tech-ia-2": {
      "baseline": {
        "p5": 0.11688925673549065,
        "p50": 0.3610073849732837,
        "p95": 0.6214866923659824
      },
      "sota": {
        "p5": 0.17542721649954043,
        "p50": 0.41633762165994115,
        "p95": 0.6917604864045125
      },
      "saturated": {
        "p5": 0.2174014033789368,
        "p50": 0.5167886384657794,
        "p95": 0.8313054962709939
      }
    },
    "RM1-tech-pe-1": {
      "baseline": {
        "p5": 0.028900786378100222,
        "p50": 0.29515018576485036,
        "p95": 0.5952327065412472
      },
      "sota": {
        "p5": 0.09065192053723696,
        "p50": 0.3567155672474972,
        "p95": 0.6313467831299044
      },
      "saturated": {
        "p5": 0.1125260779077187,
        "p50": 0.44557798999529513,
        "p95": 0.7972686785517071
      }
    },
    "RM1-tech-pe-2": {
      "baseline": {
        "p5": 0.027109785624625266,
        "p50": 0.2772205231865521,
        "p95": 0.5573305679181505
      },
      "sota": {
        "p5": 0.08427802035796307,
        "p50": 0.33242716751255524,
        "p95": 0.6036739939185088
      },
      "saturated": {
        "p5": 0.10626288874186496,
        "p50": 0.41762505309885917,
        "p95": 0.7656100618095169
      }
    }
  }
}