{
  "modelId": "RM2",
  "nodes": {
    "RM2-cont-1": {
      "baseline": {
        "p5": 0.5952339996212455,
        "p50": 0.8014308558987587,
        "p95": 0.9955840463314735
      },
      "sota": {
        "p5": 0.6725875424545859,
        "p50": 0.8373256211324833,
        "p95": 0.999
      },
      "saturated": {
        "p5": 0.8345563927522931,
        "p50": 1.0421256091316302,
        "p95": 1.2331946766120305
      }
    },
    "RM2-cont-2": {
      "baseline": {
        "p5": 0.41550249513245197,
        "p50": 0.6754716783516226,
        "p95": 0.9215549715282703
      },
      "sota": {
        "p5": 0.48553058831672846,
        "p50": 0.7153587356689358,
        "p95": 0.9401046138411998
      },
      "saturated": {
        "p5": 0.6120997698930336,
        "p50": 0.8949891129375553,
        "p95": 1.1850748205577926
      }
    },
    "RM2-cont-3": {
      "baseline": {
        "p5": 0.15883649627214802,
        "p50": 0.43253415735518314,
        "p95": 0.70985520419774
      },
      "sota": {
        "p5": 0.198801268643442,
        "p50": 0.4878065322149302,
        "p95": 0.7505240934703261
      },
      "saturated": {
        "p5": 0.2478183548889388,
        "p50": 0.6092861598535974,
        "p95": 0.9359627321761029
      }
    },
    "RM2-cont-4": {
      "baseline": {
        "p5": 0.275705102821622,
        "p50": 0.5704245361120804,
        "p95": 0.8751737932502189
      },
      "sota": {
        "p5": 0.35518514530295797,
        "p50": 0.6277587374306681,
        "p95": 0.8926653252523797
      },
      "saturated": {
        "p5": 0.4388784516128585,
        "p50": 0.7845969676158437,
        "p95": 1.1181766400285853
      }
    },
    "RM2-cont-5": {
      "baseline": {
        "p5": 0.03805702456414356,
        "p50": 0.3305835829879204,
        "p95": 0.6369985217670149
      },
      "sota": {
        "p5": 0.08712305786807067,
        "p50": 0.36838245502541966,
        "p95": 0.7012738820176028
      },
      "saturated": {
        "p5": 0.10912309090993064,
        "p50": 0.46356181974581273,
        "p95": 0.8765223895373815
      }
    },
    "RM2-cont-6": {
      "baseline": {
        "p5": 0.05149593721567075,
        "p50": 0.3401241546679859,
        "p95": 0.5918645909983736
      },
      "sota": {
        "p5": 0.11423778394591327,
        "p50": 0.3969221774421334,
        "p95": 0.6593674381759732
      },
      "saturated": {
        "p5": 0.14433254398482195,
        "p50": 0.49485336717542006,
        "p95": 0.8186503563011486
      }
    },
    "RM2-cont-7": {
      "baseline": {
        "p5": 0.3601605973590341,
        "p50": 0.6328838817686145,
        "p95": 0.8993142443011821
      },
      "sota": {
        "p5": 0.4246061514558519,
        "p50": 0.6744881319065685,
        "p95": 0.9264169322510842
      },
      "saturated": {
        "p5": 0.525697468075681,
        "p50": 0.8449162839885368,
        "p95": 1.1544158970331282
      }
    },
    "RM2-cont-8": {
      "baseline": {
        "p5": 0.13895255815914903,
        "p50": 0.42319510476437355,
        "p95": 0.70985520419774
      },
      "sota": {
        "p5": 0.2133992858127966,
        "p50": 0.48814216127630733,
        "p95": 0.7684992726221713
      },
      "saturated": {
        "p5": 0.26836411498820706,
        "p50": 0.6097130224795022,
        "p95": 0.9582904722044293
      }
    },
    "RM2-cont-9": {
      "baseline": {
        "p5": 0.02846515613231082,
        "p50": 0.28991877754944106,
        "p95": 0.5585836866478806
      },
      "sota": {
        "p5": 0.05246024296286039,
        "p50": 0.3323617868183766,
        "p95": 0.604586999342248
      },
      "saturated": {
        "p5": 0.06606725874901483,
        "p50": 0.4133641217458326,
        "p95": 0.7469969385523872
      }
    },
    "RM2-qty-1": {
      "baseline": {
        "p5": 20.987652563943062,
        "p50": 50.00441606698362,
        "p95": 117.1965189735326
      },
      "sota": {
        "p5": 27.495192502877394,
        "p50": 61.05794665402279,
        "p95": 147.24139936886544
      },
      "saturated": {
        "p5": 34.27331429784291,
        "p50": 76.44426421169621,
        "p95": 181.3212551134208
      }
    },
    "RM2-qty-2": {
      "baseline": {
        "p5": 2.576789497736768,
        "p50": 5.076240237157177,
        "p95": 9.855791393270684
      },
      "sota": {
        "p5": 3.1933134562404724,
        "p50": 6.431087522596132,
        "p95": 12.558275221766378
      },
      "saturated": {
        "p5": 4.009685356394566,
        "p50": 8.04271173613479,
        "p95": 15.76334574219627
      }
    },
    "RM2-qty-3": {
      "baseline": {
        "p5": 1329426.8921681838,
        "p50": 5035845.597486651,
        "p95": 18523040.79676658
      },
      "sota": {
        "p5": 1265862.0534399017,
        "p50": 4853596.944767669,
        "p95": 19805465.636771202
      },
      "saturated": {
        "p5": 1587473.3932261006,
        "p50": 6089450.702486913,
        "p95": 24477032.58040329
      }
    },
    "RM2-qty-4": {
      "baseline": {
        "p5": 0.001,
        "p50": 0.1289338154985472,
        "p95": 0.28647472126817486
      },
      "sota": {
        "p5": 0.001,
        "p50": 0.1597178346230674,
        "p95": 0.32702805529758433
      },
      "saturated": {
        "p5": 0.0012855918132213095,
        "p50": 0.1994294332925556,
        "p95": 0.40569581623834533
      }
    },
    "RM2-qty-5": {
      "baseline": {
        "p5": 19922601.904773135,
        "p50": 104950962.71967393,
        "p95": 545242417.2095687
      },
      "sota": {
        "p5": 23484302.87554104,
        "p50": 127368192.75261278,
        "p95": 689838260.042948
      },
      "saturated": {
        "p5": 28831141.05233579,
        "p50": 159895217.85526407,
        "p95": 845109513.1603354
      }
    }
  }
}